Name,Team,G,PA,AB,H,2B,3B,HR,R,RBI,BB,SO,HBP,SB,CS,AVG,OBP,SLG,OPS,wOBA,wRCplus,BsR,Fld,Off,Def,WAR,ADP,id
Juan Soto,SDP,150,675,524,148,27,2,33,113,95,137,93,5,9,4,0.282,0.431,0.53,0.961,0.412,173,-1.1,-0.8,55.9,-12.1,7,999,20123
Aaron Judge,NYY,150,677,567,157,25,1,44,111,106,95,169,6,10,4,0.276,0.383,0.555,0.938,0.396,163,0,3.4,48.1,-3.6,6.9,999,15640
Julio Rodríguez,SEA,149,679,606,168,32,3,32,100,86,54,160,9,25,9,0.277,0.343,0.499,0.841,0.361,142,1.6,-1,34.1,1.5,6,999,23697
Mookie Betts,LAD,150,693,603,163,36,3,31,108,85,71,110,9,15,4,0.27,0.353,0.493,0.845,0.365,139,1.8,6.8,33.1,0,5.9,999,13611
Adley Rutschman,BAL,130,579,492,126,30,1,19,78,65,73,99,6,4,2,0.257,0.358,0.44,0.798,0.35,130,0.5,0.4,20.3,7,5.9,999,26288
Wander Franco,TBR,144,649,583,167,37,6,16,88,76,53,70,5,10,4,0.287,0.349,0.455,0.804,0.349,134,0.7,0.8,25.6,7.2,5.6,999,23667
Mike Trout,LAA,150,677,572,147,28,2,40,105,100,88,179,8,3,1,0.257,0.361,0.522,0.882,0.375,146,-0.2,-4.8,34.7,-2.9,5.6,999,10155
Fernando Tatis Jr.,SDP,125,552,481,136,26,2,37,92,94,59,125,6,20,7,0.283,0.365,0.574,0.939,0.398,163,2,-0.1,42.8,-8.7,5.5,999,19709
Ronald Acuña Jr.,ATL,149,690,586,159,32,1,31,111,82,81,157,12,36,11,0.271,0.368,0.488,0.856,0.37,138,4.1,1.8,34.4,-5,5.5,999,18401
Vladimir Guerrero Jr.,TOR,150,665,584,171,32,1,40,102,114,67,102,7,6,3,0.293,0.369,0.555,0.925,0.393,161,-1.8,-0.9,44,-13.6,5.4,999,19611
José Ramírez,CLE,150,663,578,151,35,4,30,92,98,72,89,7,20,6,0.262,0.348,0.49,0.838,0.354,133,2.3,1.5,26.9,2.3,5.3,999,13510
Yordan Alvarez,HOU,138,603,519,148,31,2,36,91,104,71,124,7,2,1,0.284,0.375,0.558,0.933,0.395,163,-0.4,1.2,42.2,-11.2,5.3,999,19556
Nolan Arenado,STL,150,649,586,158,33,1,29,84,99,52,86,6,4,2,0.27,0.333,0.482,0.814,0.35,130,-0.3,4,22.3,5.9,5.3,999,9777
Alex Bregman,HOU,150,669,564,148,35,1,25,94,86,88,86,9,3,1,0.263,0.369,0.461,0.83,0.362,139,-1.3,-2.3,28.3,-0.5,5.2,999,17678
Carlos Correa,MIN,147,647,567,155,30,1,25,85,83,67,123,5,1,1,0.273,0.352,0.463,0.816,0.354,131,-0.9,-1.6,22.1,5.8,5.2,999,14162
Kyle Tucker,HOU,150,628,559,157,33,3,34,91,101,59,100,3,19,6,0.281,0.35,0.531,0.882,0.376,149,1.1,0.9,35.7,-6.9,5.1,999,18345
Manny Machado,SDP,150,663,588,158,30,1,30,89,98,65,124,3,8,3,0.268,0.342,0.476,0.818,0.35,130,-0.4,-0.1,22.9,1.6,4.9,999,11493
Rafael Devers,BOS,150,662,592,164,39,2,32,91,100,56,130,7,4,2,0.278,0.345,0.511,0.857,0.364,134,0.5,-2.7,25.9,-1.1,4.8,999,17350
Brandon Nimmo,NA,150,689,585,158,32,6,17,96,66,81,120,12,6,3,0.271,0.369,0.435,0.805,0.354,131,-0.2,-4.5,24.5,-2,4.7,999,12927
Freddie Freeman,LAD,150,675,579,170,34,2,25,101,89,81,103,7,9,3,0.293,0.383,0.49,0.873,0.375,145,0,-0.7,35.5,-13.2,4.7,999,5361
Trea Turner,PHI,150,687,624,177,34,4,21,94,76,47,120,5,23,6,0.284,0.337,0.45,0.788,0.342,120,3.2,-4.4,18.8,2.8,4.7,999,16252
Corey Seager,TEX,143,641,566,154,32,2,27,88,83,60,101,7,3,1,0.272,0.346,0.479,0.825,0.355,133,-0.1,-4.7,24,0.2,4.7,999,13624
J.T. Realmuto,PHI,129,555,497,127,24,4,20,68,74,42,123,10,12,4,0.256,0.324,0.439,0.763,0.331,113,1.9,4.9,10,12.6,4.6,999,11739
Jose Altuve,HOU,149,690,605,166,33,1,26,101,77,66,101,8,12,4,0.274,0.351,0.459,0.81,0.352,132,0.2,-4.3,25.2,-2.9,4.6,999,5417
Francisco Lindor,NYM,150,666,594,148,26,4,25,82,86,58,125,8,13,5,0.25,0.322,0.431,0.753,0.328,117,-0.3,0.8,13,8.3,4.6,999,12916
Alejandro Kirk,TOR,126,537,466,133,26,1,19,71,75,60,59,5,1,0,0.286,0.371,0.469,0.84,0.366,142,-2.3,0.1,23,-1.4,4.6,999,22581
Xander Bogaerts,SDP,150,650,574,153,32,1,20,79,85,63,124,7,6,2,0.267,0.344,0.427,0.771,0.337,122,0.3,-2,16.7,4.7,4.5,999,12161
Austin Riley,ATL,150,655,585,160,32,2,35,91,105,53,159,11,2,1,0.274,0.343,0.513,0.857,0.368,136,-1.7,-8.3,26,-5.8,4.4,999,18360
Bo Bichette,TOR,150,672,617,174,38,1,26,94,91,42,135,5,15,5,0.281,0.33,0.476,0.806,0.348,129,0.6,-10,22.7,-2.5,4.4,999,19612
Michael Harris II,ATL,141,611,558,155,34,3,22,85,78,38,133,7,20,7,0.277,0.328,0.468,0.796,0.343,120,1.5,3,15.4,5.4,4.3,999,25931
Paul Goldschmidt,STL,150,666,580,159,32,1,29,91,95,74,144,5,6,2,0.274,0.359,0.483,0.842,0.365,140,-0.4,0.9,30.6,-11.9,4.3,999,9218
Sean Murphy,OAK,132,581,510,122,30,2,21,69,67,55,125,10,1,1,0.239,0.322,0.424,0.746,0.326,118,-0.7,1.1,11.3,4.3,4.3,999,19352
Gunnar Henderson,BAL,139,612,531,135,28,4,21,75,77,69,150,6,10,4,0.255,0.345,0.444,0.789,0.344,126,-0.5,1.1,17.7,3.6,4.3,999,26289
George Springer,TOR,141,650,568,147,25,3,30,97,79,63,122,8,11,4,0.258,0.339,0.474,0.813,0.352,132,0.5,-1.6,24,-4,4.3,999,12856
Marcus Semien,TEX,150,692,618,154,30,3,26,92,74,59,122,4,19,6,0.25,0.318,0.435,0.753,0.328,114,2,2.2,13.2,5.3,4.3,999,12533
Pete Alonso,NYM,150,649,567,148,27,1,39,92,109,66,127,10,3,2,0.262,0.347,0.521,0.869,0.368,145,-2.5,0.1,31.1,-12.5,4.2,999,19251
Bobby Witt Jr.,KCR,149,669,613,161,35,5,26,89,84,40,134,7,27,10,0.263,0.313,0.463,0.775,0.333,115,2,2.1,13.4,5.3,4.2,999,25764
Luis Robert Jr.,CHW,139,614,567,161,33,1,25,78,86,35,123,7,13,5,0.283,0.329,0.476,0.806,0.347,128,1.2,-2.6,20.3,-0.7,4.1,999,20043
Yandy Díaz,TBR,141,641,544,154,32,1,14,87,63,82,86,6,5,2,0.283,0.38,0.425,0.805,0.355,139,-1.9,-2.2,26,-7.4,4.1,999,16578
Will Smith,LAD,126,547,475,120,23,2,26,73,80,57,98,10,2,1,0.253,0.343,0.473,0.816,0.352,130,-2,-0.1,17,3.3,4.1,999,19197
Bryan Reynolds,PIT,150,675,589,157,30,5,24,91,83,67,144,10,7,3,0.266,0.349,0.458,0.807,0.349,125,-0.6,-6,19.2,-3.7,4,999,19326
Andrés Giménez,CLE,144,596,535,143,29,3,19,72,75,37,118,17,17,6,0.267,0.332,0.437,0.769,0.334,118,0.9,2.9,13.2,5.7,4,999,19950
Willy Adames,MIL,146,653,580,142,30,1,28,85,81,61,173,3,8,4,0.244,0.316,0.441,0.758,0.328,111,0.8,-1.5,9.4,5.8,3.9,999,15986
Byron Buxton,MIN,130,586,527,126,28,3,32,82,82,42,163,9,9,3,0.24,0.304,0.487,0.791,0.34,124,0.9,3.6,16.8,1,3.8,999,14161
Oneil Cruz,PIT,130,589,524,131,24,5,27,83,72,51,159,5,18,6,0.25,0.32,0.472,0.792,0.342,121,0.7,-3.5,14.7,1.9,3.8,999,21711
Steven Kwan,CLE,141,647,566,160,29,6,11,88,59,64,67,7,16,5,0.284,0.361,0.414,0.775,0.341,124,1,1.5,18.2,-4.4,3.6,999,24610
Tommy Edman,STL,147,668,607,160,34,3,13,85,62,44,108,7,27,7,0.263,0.318,0.396,0.714,0.313,105,3.8,-2.4,7.4,4.4,3.6,999,19470
Jeff McNeil,NYM,149,659,593,172,37,1,13,81,67,46,80,11,4,2,0.29,0.349,0.424,0.773,0.339,125,-1,-2.1,18,-5.9,3.6,999,15362
Nico Hoerner,CHC,139,616,558,157,29,4,12,75,59,41,76,8,19,6,0.28,0.336,0.411,0.747,0.325,110,0.7,-1.2,7.8,5.8,3.6,999,21479
Matt Chapman,TOR,150,625,542,120,25,2,27,76,81,68,182,7,3,1,0.221,0.314,0.423,0.737,0.322,111,0.4,3,8.3,5.5,3.5,999,16505
Brandon Lowe,TBR,134,585,515,124,26,2,27,75,82,57,142,8,4,2,0.24,0.323,0.457,0.779,0.338,127,1,-1.7,18.5,-3.7,3.5,999,18882
Jazz Chisholm Jr.,MIA,134,606,543,133,24,5,28,82,76,49,153,6,26,11,0.246,0.312,0.463,0.775,0.335,119,1.2,-2.2,14.4,-1.4,3.5,999,20454
Seiya Suzuki,CHC,139,624,541,142,28,2,26,85,79,68,137,7,10,5,0.262,0.35,0.466,0.815,0.352,128,-0.8,0.3,19.8,-7.6,3.5,999,30116
Gleyber Torres,NYY,138,612,548,144,27,1,23,80,73,51,127,4,13,5,0.262,0.328,0.444,0.772,0.335,120,0,-0.6,13.9,-0.4,3.5,999,16997
Anthony Rendon,LAA,138,583,504,130,31,1,18,71,72,66,102,6,3,1,0.258,0.349,0.433,0.782,0.342,123,0,-2,15,-1,3.4,999,12861
Amed Rosario,CLE,143,640,597,166,28,7,13,78,69,30,112,4,13,5,0.278,0.315,0.413,0.728,0.317,106,1.2,-0.7,5.8,6.4,3.4,999,15518
Matt Olson,ATL,150,652,566,141,30,1,34,90,100,74,148,6,2,1,0.249,0.34,0.487,0.827,0.355,127,-1,3.1,19.8,-9.4,3.4,999,14344
Cal Raleigh,SEA,122,509,460,103,23,1,26,62,73,40,136,5,2,1,0.225,0.29,0.451,0.742,0.32,114,-0.7,1.1,7.3,2.9,3.4,999,21534
Eloy Jiménez,CHW,146,627,569,155,27,1,33,82,98,47,142,5,1,0,0.273,0.332,0.496,0.828,0.357,134,-0.5,-2.6,23.6,-12,3.3,999,17484
Riley Greene,DET,143,636,566,146,28,6,15,71,68,58,163,6,8,3,0.258,0.33,0.408,0.739,0.324,113,0.1,-0.9,9.4,1.4,3.3,999,25976
Luis Arraez,MIN,139,636,566,173,33,3,7,81,55,55,54,4,7,3,0.305,0.369,0.411,0.78,0.343,127,0.1,2.8,19.3,-8.5,3.3,999,18568
Tim Anderson,CHW,139,646,603,172,31,1,16,83,62,27,120,6,17,5,0.286,0.321,0.424,0.745,0.324,111,2.2,-6.7,10.1,0.2,3.2,999,15172
Ty France,SEA,149,670,598,163,33,1,23,87,80,45,110,19,1,0,0.272,0.34,0.448,0.788,0.343,130,-1.5,1.9,20.8,-11.3,3.2,999,17982
Dansby Swanson,ATL,150,641,578,143,30,1,21,76,73,49,162,5,13,5,0.247,0.309,0.413,0.722,0.315,104,1.5,-2.2,4.5,5.3,3.2,999,18314
Daulton Varsho,ARI,130,582,519,124,25,3,24,77,68,48,133,6,15,5,0.239,0.309,0.44,0.749,0.325,108,1.6,4.1,6.9,4.2,3.2,999,19918
Jorge Polanco,MIN,139,613,543,139,29,1,21,73,76,60,120,5,7,4,0.256,0.333,0.429,0.762,0.333,120,0,-6,13.5,-2.8,3.2,999,13152
Shohei Ohtani,LAA,147,657,565,144,27,4,35,95,97,79,169,5,17,7,0.255,0.349,0.504,0.853,0.361,136,-0.1,0,26.4,-17.2,3.2,999,19755
Starling Marte,NYM,139,629,570,152,28,4,17,82,70,37,125,13,24,8,0.268,0.325,0.422,0.747,0.326,116,2.2,-7.4,14.1,-5.2,3.1,999,9241
Ke'Bryan Hayes,PIT,139,618,553,143,32,3,14,71,67,52,133,6,17,6,0.259,0.327,0.403,0.73,0.321,106,0.5,2.6,4.8,4.3,3.1,999,18577
Cedric Mullins,BAL,147,680,608,153,32,4,20,90,66,53,128,8,30,9,0.252,0.318,0.414,0.733,0.32,109,2.2,-3.3,9.1,-0.9,3.1,999,17929
Luis Urías,MIL,139,592,516,125,25,2,20,69,71,60,123,9,4,2,0.243,0.331,0.412,0.743,0.327,110,-0.6,0.6,6.7,3.2,3.1,999,16622
Ozzie Albies,ATL,138,570,521,135,30,3,20,69,73,38,102,5,13,5,0.259,0.312,0.446,0.758,0.328,109,1.8,0.8,7.9,2.2,3.1,999,16556
Vinnie Pasquantino,KCR,130,558,487,136,29,2,24,74,82,61,75,6,2,1,0.279,0.363,0.495,0.858,0.37,141,-1.2,0.4,24.3,-12.9,3.1,999,27676
Ketel Marte,ARI,134,602,535,143,37,2,16,76,68,52,104,7,5,2,0.267,0.338,0.435,0.773,0.336,115,-0.4,-1.9,10.3,-1.4,3.1,999,13613
Nathaniel Lowe,TEX,146,634,558,151,26,3,26,79,85,64,147,4,4,2,0.271,0.349,0.465,0.814,0.353,132,-1.7,-0.5,21.2,-12.7,3,999,19566
Christian Yelich,MIL,146,666,562,140,26,3,21,89,68,89,164,5,14,4,0.249,0.354,0.419,0.773,0.339,119,1.5,-0.9,16,-9.7,3,999,11477
Ha-Seong Kim,SDP,123,536,477,118,23,2,14,67,55,45,96,6,11,3,0.248,0.319,0.396,0.714,0.314,106,0.3,3.9,4,6.2,3,999,27506
J.P. Crawford,SEA,143,575,503,129,27,2,8,63,51,57,85,7,5,2,0.256,0.338,0.365,0.703,0.314,109,-0.3,-3.2,5.8,3.9,2.9,999,15491
Jose Miranda,MIN,139,587,534,144,32,1,21,70,77,37,100,9,2,1,0.27,0.325,0.451,0.775,0.336,122,-0.7,-5.3,13.6,-4.4,2.9,999,20538
Thairo Estrada,SFG,134,595,537,139,26,2,17,73,62,38,101,11,18,6,0.259,0.319,0.414,0.732,0.321,108,0.9,-2.1,6.6,1.2,2.9,999,16426
Isaac Paredes,TBR,112,463,399,97,20,1,19,58,61,54,77,5,2,1,0.244,0.338,0.446,0.784,0.343,130,-0.7,0,15,-1.9,2.9,999,20036
Jonah Heim,TEX,100,415,374,88,18,1,14,45,49,34,80,3,2,1,0.235,0.301,0.402,0.702,0.307,100,-0.8,0,-0.9,7.4,2.9,999,16930
Trevor Story,BOS,149,642,573,137,33,2,23,77,82,56,171,7,17,6,0.239,0.312,0.425,0.737,0.319,103,1.5,-3.2,3.6,3.7,2.9,999,12564
Brendan Donovan,STL,125,528,454,122,25,1,9,62,54,58,84,10,5,2,0.27,0.363,0.393,0.755,0.336,120,-0.7,-0.6,11.9,-2.3,2.9,999,24679
Harrison Bader,NYY,130,516,464,115,22,3,15,57,59,37,112,7,17,6,0.248,0.312,0.405,0.717,0.313,105,1.3,4.7,4,6.8,2.9,999,18030
Randy Arozarena,TBR,149,656,584,150,33,2,23,82,84,54,164,12,26,11,0.257,0.33,0.439,0.769,0.334,124,-0.5,-2.4,17.2,-10.9,2.9,999,19290
Dylan Carlson,STL,125,502,440,111,27,3,13,61,55,47,98,7,5,2,0.252,0.332,0.416,0.749,0.328,115,0.3,-0.4,9.1,1.2,2.9,999,20126
Ian Happ,CHC,149,651,570,140,31,2,23,77,80,68,160,7,9,4,0.246,0.331,0.427,0.758,0.331,114,0.1,1.8,10.7,-5.4,2.8,999,17919
Jake Cronenworth,SDP,143,611,534,134,29,4,15,73,71,59,107,10,3,1,0.25,0.334,0.406,0.739,0.324,113,0.2,6.3,9.3,-2.7,2.8,999,18036
Taylor Ward,LAA,141,611,534,139,28,2,22,77,79,65,135,7,6,2,0.26,0.345,0.444,0.789,0.345,125,-0.3,-2.8,16.7,-9.6,2.8,999,17548
Gavin Lux,LAD,130,522,461,122,22,5,12,60,57,52,102,3,7,3,0.264,0.339,0.412,0.751,0.33,115,0.5,-6.7,9.4,-0.5,2.8,999,19955
Jose Trevino,NYY,84,322,299,74,15,1,9,34,36,15,59,2,3,1,0.246,0.285,0.387,0.672,0.292,90,-0.9,0.3,-4.5,7.3,2.8,999,16725
Brendan Rodgers,COL,138,576,524,147,31,3,17,68,71,40,103,6,1,0,0.28,0.335,0.448,0.784,0.341,105,-0.1,1,3.5,3.3,2.7,999,17907
Jose Siri,TBR,118,453,412,99,20,3,17,56,56,29,142,5,17,5,0.241,0.297,0.428,0.725,0.315,110,1.6,2.7,6.8,4.7,2.7,999,17452
Christian Walker,ARI,150,644,569,144,29,2,28,80,91,63,136,7,2,1,0.253,0.332,0.457,0.789,0.342,119,0,2.2,14.5,-10.4,2.7,999,13419
CJ Abrams,WSN,130,569,528,141,30,3,11,64,56,23,96,10,17,7,0.267,0.307,0.396,0.703,0.307,96,0.7,2.2,-2.1,8.6,2.7,999,25768
Alec Bohm,PHI,146,595,544,148,27,2,16,65,69,39,117,5,4,2,0.272,0.324,0.418,0.742,0.324,107,-0.4,-1.8,4.6,0.6,2.6,999,21618
Jonathan India,CIN,141,637,553,139,29,2,18,80,65,58,137,16,9,4,0.252,0.338,0.41,0.747,0.329,106,-0.5,-2.1,3.6,0.2,2.6,999,21523
Ramón Laureano,OAK,146,634,568,133,30,1,22,72,77,46,165,15,17,7,0.234,0.305,0.409,0.714,0.313,109,1.2,0,7.9,-2.9,2.6,999,17128
Danny Jansen,TOR,116,468,414,99,20,1,23,59,65,43,91,6,2,1,0.239,0.317,0.457,0.774,0.335,120,-0.7,0.1,10,0.4,2.6,999,16535
Yoán Moncada,CHW,139,620,545,133,29,2,18,75,66,61,160,6,4,2,0.244,0.325,0.403,0.727,0.319,108,-0.1,0,5.2,0.1,2.6,999,17232
Kyle Schwarber,PHI,143,643,547,124,21,2,38,93,88,80,182,6,6,3,0.226,0.329,0.479,0.809,0.349,124,-1.4,-5.8,16.9,-13.4,2.6,999,16478
Tyler O'Neill,STL,130,539,481,117,20,2,25,66,73,44,152,8,14,5,0.243,0.315,0.448,0.763,0.332,118,1.1,0.4,12.1,-5.3,2.6,999,15711
Jean Segura,NA,130,555,503,138,24,2,11,63,56,37,85,8,12,5,0.274,0.331,0.396,0.727,0.319,107,0.7,-0.6,5,1.6,2.6,999,5933
Corbin Carroll,ARI,122,498,436,106,21,7,17,58,58,49,130,7,14,6,0.243,0.328,0.436,0.764,0.332,113,0.4,5.1,7.7,0.1,2.6,999,25878
Lars Nootbaar,STL,107,430,368,91,16,2,17,53,54,52,91,3,6,2,0.247,0.343,0.441,0.785,0.342,125,-0.1,1.6,12.3,-2.2,2.6,999,21454
Keibert Ruiz,WSN,113,481,435,115,24,1,16,55,61,36,56,5,4,2,0.264,0.326,0.434,0.76,0.332,113,-0.7,0.3,6.4,4.5,2.5,999,19610
Max Muncy,LAD,136,585,488,110,21,1,26,76,79,84,135,7,2,1,0.226,0.345,0.435,0.78,0.342,123,-0.4,-5,15.2,-10.7,2.5,999,13301
Ezequiel Tovar,COL,117,439,403,113,23,3,15,57,57,25,77,4,11,4,0.28,0.327,0.464,0.792,0.342,106,0.3,0,3.6,5.8,2.5,999,24064
Trent Grisham,SDP,125,506,437,97,20,2,18,60,59,56,131,6,9,3,0.222,0.316,0.398,0.714,0.314,106,0.7,0.7,4.3,2.7,2.5,999,18564
Rhys Hoskins,PHI,149,660,568,132,31,2,30,87,88,78,160,7,3,1,0.233,0.33,0.451,0.781,0.341,119,-1.7,1.6,12.7,-10.9,2.5,999,16472
Travis d'Arnaud,ATL,93,389,354,89,18,1,14,45,49,24,86,6,1,0,0.251,0.307,0.421,0.728,0.317,102,-1.2,-0.1,-0.4,5.1,2.5,999,7739
Vaughn Grissom,ATL,123,467,419,115,21,2,12,58,54,33,77,8,12,4,0.274,0.336,0.421,0.757,0.331,111,0.5,-4.5,6.6,1.6,2.5,999,26031
DJ LeMahieu,NYY,105,479,419,115,19,1,11,62,45,48,66,4,4,2,0.275,0.352,0.402,0.755,0.334,119,-0.7,1,9.8,-1.5,2.5,999,9874
Kolten Wong,SEA,120,506,450,113,22,2,12,56,50,39,90,10,14,5,0.251,0.323,0.388,0.71,0.313,109,0.8,-0.6,5.8,1.4,2.4,999,12532
Jeremy Peña,HOU,139,576,534,132,23,2,22,65,72,28,133,7,10,4,0.246,0.291,0.422,0.712,0.309,102,0.2,-3.6,1.3,3.3,2.4,999,21636
Yasmani Grandal,CHW,86,350,291,66,11,0,12,40,39,52,77,3,1,0,0.226,0.347,0.393,0.739,0.33,115,-2.3,-2.3,3.7,3.6,2.4,999,11368
José Abreu,HOU,150,650,578,158,33,1,22,81,89,55,125,12,1,0,0.273,0.346,0.448,0.794,0.346,128,-1.6,-3.6,18.7,-16.5,2.4,999,15676
Ryan McMahon,COL,138,595,525,131,26,2,22,73,76,59,152,5,7,3,0.249,0.328,0.434,0.762,0.333,100,0,0.6,-0.1,2.9,2.4,999,15112
Jake McCarthy,ARI,141,611,548,141,28,6,15,71,71,49,132,8,28,10,0.258,0.325,0.417,0.742,0.325,108,2.4,-0.2,7.7,-5.7,2.4,999,21622
Anthony Rizzo,NYY,131,579,497,120,21,1,27,76,80,59,104,17,7,3,0.241,0.34,0.45,0.79,0.343,126,-2.4,0.7,14.5,-10.4,2.4,999,3473
Bryson Stott,PHI,117,456,407,103,21,2,12,51,51,40,89,3,9,4,0.253,0.321,0.404,0.725,0.318,103,0.4,2.9,2.2,5,2.4,999,26294
Eugenio Suárez,SEA,144,624,546,115,20,1,28,72,79,65,191,7,1,0,0.211,0.301,0.406,0.707,0.311,107,-2.4,-1.6,2.7,-0.1,2.4,999,12552
Mike Yastrzemski,SFG,130,573,502,115,29,2,20,71,64,56,143,7,4,2,0.23,0.314,0.415,0.729,0.319,107,-0.1,-2.7,4.6,-1.4,2.4,999,14854
Miguel Vargas,LAD,130,504,445,118,24,2,18,63,65,46,90,5,8,3,0.264,0.337,0.447,0.784,0.341,122,-0.2,-6.3,13,-7.6,2.3,999,20178
Tyler Stephenson,CIN,117,500,447,115,24,1,15,56,60,42,113,7,2,1,0.257,0.328,0.412,0.74,0.325,102,-0.6,0.6,0.7,7.1,2.3,999,17988
Andrew Benintendi,NA,130,567,505,135,27,3,13,67,62,52,97,4,9,4,0.268,0.338,0.409,0.747,0.329,113,-0.2,1.4,8.4,-5.1,2.3,999,17901
Alex Verdugo,BOS,143,630,570,160,36,2,15,78,71,47,93,5,4,2,0.281,0.339,0.43,0.769,0.335,114,0.2,-0.9,9.8,-8,2.3,999,17027
Royce Lewis,MIN,81,320,289,78,18,1,12,40,42,23,63,4,9,3,0.27,0.33,0.467,0.797,0.345,128,0.3,-1.1,10.3,1.3,2.3,999,20437
Giancarlo Stanton,NYY,126,545,480,118,18,1,32,74,87,58,156,3,1,0,0.247,0.33,0.489,0.818,0.352,132,-2,0,18,-13.9,2.3,999,4949
Rowdy Tellez,MIL,126,546,483,119,23,1,30,72,83,53,111,5,2,1,0.247,0.326,0.486,0.812,0.346,123,-1.7,0.6,13.1,-10.3,2.2,999,15679
Ramón Urías,BAL,126,516,463,114,23,1,15,55,57,41,119,7,2,1,0.247,0.316,0.404,0.72,0.315,106,-0.7,0.2,2.7,1.7,2.2,999,18795
Mark Canha,NYM,144,595,506,123,23,2,16,68,63,62,121,20,5,2,0.242,0.345,0.392,0.737,0.329,118,-1.1,-3.9,11.3,-10.6,2.2,999,11445
Josh Rojas,ARI,125,536,469,118,28,2,10,61,53,57,115,3,15,5,0.251,0.333,0.386,0.719,0.318,103,1.6,-2.6,3.2,-0.5,2.2,999,19734
Santiago Espinal,TOR,128,494,445,120,26,1,9,56,51,38,70,3,9,3,0.269,0.329,0.389,0.718,0.316,107,0.4,-1.4,4,0.9,2.2,999,19997
Omar Narváez,NA,100,410,362,87,16,1,9,42,41,38,80,5,1,0,0.24,0.317,0.361,0.678,0.301,94,-1.1,-1.5,-3.9,4.9,2.2,999,13338
Javier Báez,DET,141,627,580,140,29,4,22,71,73,30,169,9,10,4,0.241,0.287,0.415,0.702,0.304,99,1,-6.5,0,0.5,2.2,999,12979
Tony Kemp,OAK,131,590,517,130,27,2,9,68,48,55,77,8,10,3,0.25,0.33,0.366,0.696,0.31,107,0.5,-1.7,5.4,-3.9,2.1,999,14894
Christian Bethancourt,TBR,73,287,265,66,13,1,11,32,36,15,67,2,3,1,0.248,0.292,0.421,0.714,0.31,107,-0.5,1.5,1.7,6.7,2.1,999,10028
Teoscar Hernández,SEA,143,602,550,138,28,1,28,72,84,40,167,5,8,3,0.25,0.305,0.456,0.761,0.329,120,-0.1,-3.6,13.3,-12.4,2.1,999,13066
Andrew Vaughn,CHW,141,594,537,143,29,1,23,72,77,43,107,8,1,1,0.266,0.327,0.453,0.779,0.338,121,-1.5,0.5,12.8,-11.9,2.1,999,26197
Austin Hays,BAL,144,587,535,134,29,2,20,67,72,35,115,9,5,2,0.251,0.305,0.428,0.733,0.319,108,0,2.7,5.5,-4.4,2.1,999,19363
Oscar Gonzalez,CLE,130,523,489,135,27,1,21,61,74,23,100,4,2,1,0.275,0.311,0.468,0.779,0.334,119,-0.6,0.3,10.3,-7.3,2.1,999,20970
Christian Vázquez,NA,96,385,353,90,17,1,8,39,40,23,66,3,4,2,0.255,0.303,0.378,0.681,0.299,93,-2.1,0.8,-5.2,8.8,2.1,999,9774
Christopher Morel,CHC,107,447,400,94,18,3,17,53,55,37,126,4,11,5,0.234,0.304,0.426,0.73,0.317,105,0.4,-0.7,2.9,1.5,2,999,21897
Josh Naylor,CLE,130,536,480,128,28,1,22,66,73,44,87,6,5,2,0.267,0.334,0.466,0.8,0.345,126,-0.9,0.1,14.9,-12.5,2,999,18839
Brandon Crawford,SFG,122,499,445,108,21,2,13,52,53,43,105,6,4,2,0.244,0.317,0.389,0.705,0.309,100,-0.8,-2.8,-0.7,3.2,2,999,5343
Manuel Margot,TBR,128,533,482,125,25,3,11,57,55,41,94,4,12,5,0.259,0.319,0.391,0.71,0.312,108,0.8,1.1,5.6,-3.3,2,999,14712
Carson Kelly,ARI,90,366,322,75,16,1,11,39,41,35,73,4,2,1,0.234,0.315,0.394,0.709,0.313,99,-0.4,-0.1,-0.6,7.5,2,999,13620
Myles Straw,CLE,123,487,430,109,21,2,3,53,39,47,81,2,18,4,0.254,0.328,0.33,0.658,0.296,92,2.4,3.5,-2.2,5.5,2,999,17620
Logan O'Hoppe,LAA,71,267,231,57,10,1,11,34,34,27,49,4,3,1,0.246,0.332,0.439,0.771,0.336,118,-0.2,-0.2,5.4,5.7,2,999,24729
Ryan Jeffers,MIN,90,345,306,66,13,1,13,38,39,30,94,3,2,1,0.216,0.291,0.388,0.678,0.298,95,-0.6,-1.5,-2.5,6,2,999,24618
Miguel Rojas,MIA,123,491,448,116,22,2,8,51,46,30,65,5,9,3,0.258,0.31,0.368,0.678,0.298,94,-0.8,0.5,-4.5,6.7,2,999,7802
Bryce Harper,PHI,78,342,289,77,18,1,16,48,50,47,72,3,7,3,0.267,0.372,0.501,0.873,0.372,140,-0.8,-0.5,15.2,-8,2,999,11579
Mitch Haniger,SFG,134,597,532,134,25,2,25,73,78,52,140,7,1,1,0.251,0.323,0.444,0.767,0.333,116,-1.2,-1.9,10.2,-11.6,2,999,14274
Triston Casas,BOS,128,524,445,110,25,2,21,64,65,68,116,5,3,1,0.247,0.351,0.452,0.803,0.35,124,-0.6,0.3,13.7,-11.7,2,999,22514
Anthony Santander,BAL,150,651,589,144,30,1,30,79,92,47,130,9,2,1,0.245,0.309,0.45,0.759,0.329,115,-0.4,-3.1,10.7,-13.2,1.9,999,14551
Josh Bell,CLE,139,599,519,133,26,2,22,75,81,70,106,5,1,0,0.257,0.348,0.442,0.79,0.344,126,-2.2,-2.1,15.1,-15.9,1.9,999,13145
Luis Rengifo,LAA,105,472,434,111,20,3,15,59,51,28,80,4,8,3,0.257,0.306,0.419,0.725,0.315,103,0.5,-0.6,2.3,0.9,1.9,999,19858
Ryan Mountcastle,BAL,141,600,545,139,26,1,26,72,81,44,152,5,4,2,0.255,0.313,0.449,0.763,0.33,116,-0.3,1.2,10.6,-11.7,1.9,999,18373
MJ Melendez,KCR,123,560,483,114,24,3,24,76,63,66,125,3,6,2,0.237,0.33,0.446,0.777,0.338,119,-0.5,-1.3,11.2,-2.8,1.9,999,22197
Elvis Andrus,NA,122,498,456,115,24,1,10,53,50,30,79,4,12,4,0.251,0.302,0.373,0.675,0.297,91,1.8,-1.2,-3.2,4.8,1.9,999,8709
Joey Meneses,WSN,139,615,566,150,29,2,27,74,86,39,138,4,2,1,0.264,0.314,0.467,0.781,0.335,115,-1,-0.4,9.9,-12.7,1.9,999,14366
Austin Meadows,DET,123,560,494,122,26,4,20,72,60,52,107,6,6,2,0.247,0.324,0.435,0.76,0.331,118,-1.5,-1.4,9.6,-9.8,1.9,999,15672
Luis Guillorme,NYM,100,393,341,90,16,1,4,41,36,43,58,3,2,1,0.265,0.349,0.358,0.707,0.316,109,-1,-0.6,3.2,1.2,1.9,999,16451
Hunter Renfroe,LAA,131,543,490,118,24,1,29,67,78,43,126,4,2,1,0.24,0.305,0.469,0.773,0.333,116,-1.4,-1.7,8.7,-8.2,1.9,999,15464
Endy Rodriguez,PIT,65,245,219,57,13,1,9,31,31,19,47,2,2,1,0.262,0.327,0.453,0.78,0.338,118,-0.1,0,5,4.5,1.9,999,2008272
Trayce Thompson,LAD,115,478,421,92,18,1,24,59,66,46,159,5,5,2,0.22,0.302,0.439,0.741,0.321,109,-0.1,-2.4,4.6,-3,1.8,999,9952
Max Kepler,MIN,120,513,448,103,22,2,18,60,63,55,89,6,5,2,0.23,0.319,0.407,0.726,0.319,109,0,1.6,5.4,-4.4,1.8,999,12144
Anthony Volpe,NYY,73,296,261,62,14,2,10,36,35,27,61,4,11,4,0.24,0.317,0.42,0.737,0.323,111,0.4,0,4.2,3.6,1.8,999,2010868
Salvador Perez,KCR,134,590,550,139,25,1,30,71,87,25,141,9,1,0,0.252,0.294,0.466,0.76,0.325,109,-2.1,4.4,4.2,7.5,1.8,999,7304
Enrique Hernández,BOS,125,519,462,111,28,1,15,58,56,43,97,6,3,1,0.239,0.311,0.399,0.709,0.312,97,0.3,-0.6,-1.2,1.7,1.8,999,10472
Nick Madrigal,CHC,117,452,410,114,21,3,4,48,41,28,52,6,7,2,0.278,0.331,0.371,0.703,0.311,100,-0.2,-0.1,-0.1,1.8,1.8,999,20521
Victor Caratini,MIL,87,339,297,69,13,1,9,36,36,31,76,6,1,1,0.233,0.316,0.373,0.689,0.304,95,-0.9,-0.2,-3,7.1,1.8,999,14968
Reese McGuire,BOS,84,327,298,72,17,1,6,33,33,20,67,4,2,1,0.242,0.295,0.367,0.661,0.291,83,-0.5,1.8,-6.8,8.9,1.8,999,15674
Joc Pederson,SFG,122,525,464,113,22,3,23,65,71,48,124,8,4,2,0.243,0.321,0.452,0.774,0.335,118,-0.5,-2.6,10.5,-11.3,1.8,999,11899
Adam Frazier,NA,130,557,502,133,26,4,6,61,48,41,68,6,10,4,0.265,0.326,0.37,0.696,0.307,99,0,-1.9,-0.9,-0.5,1.8,999,15223
Eduardo Escobar,NYM,131,541,493,115,23,3,19,58,65,39,123,3,2,1,0.234,0.292,0.407,0.7,0.303,101,-0.8,-2.5,-0.4,-1,1.8,999,6153
Cody Bellinger,CHC,120,499,446,100,20,3,18,56,61,45,124,3,10,4,0.224,0.297,0.405,0.702,0.307,97,0.6,-1,-1,1,1.8,999,15998
Justin Turner,NA,130,550,486,128,28,1,14,62,63,50,96,8,2,1,0.264,0.34,0.411,0.751,0.331,115,-2.2,-3.7,7.1,-8.4,1.7,999,5235
Garrett Mitchell,MIL,109,432,383,93,18,2,11,45,46,39,123,4,13,5,0.243,0.317,0.386,0.703,0.31,99,0.4,0.4,-0.1,2.2,1.7,999,27555
Mike Zunino,NA,80,313,283,55,10,1,15,35,40,22,105,4,2,1,0.196,0.262,0.401,0.663,0.288,86,-0.5,0.2,-5.7,6.8,1.7,999,13265
Adolis García,TEX,150,648,598,140,28,3,27,74,87,38,187,6,17,7,0.233,0.284,0.428,0.711,0.307,100,0.3,4.5,0.1,-4.5,1.7,999,19287
Kris Bryant,COL,126,568,498,134,31,2,20,78,69,55,116,7,5,2,0.27,0.348,0.459,0.807,0.351,112,0.5,-3.5,8.7,-11.8,1.7,999,15429
Brandon Drury,NA,131,563,513,127,27,2,21,67,69,36,121,6,3,2,0.248,0.303,0.428,0.73,0.317,106,-1.2,-0.1,2.4,-5,1.7,999,11615
Michael Conforto,FA,131,554,476,116,24,1,19,65,66,61,120,10,4,2,0.244,0.34,0.418,0.758,0.333,117,-0.5,-2.6,10,-12.4,1.6,999,16376
Joey Wendle,MIA,113,479,443,115,28,2,7,48,48,23,85,7,10,4,0.261,0.306,0.381,0.687,0.3,95,-0.1,0.2,-2.8,2.3,1.6,999,13853
Josh Jung,TEX,122,498,455,108,22,2,20,54,60,31,138,6,5,2,0.237,0.293,0.423,0.716,0.311,102,-0.8,-0.1,0.4,-0.6,1.6,999,26299
Jon Berti,MIA,109,489,426,103,20,3,7,59,38,50,110,5,32,9,0.241,0.326,0.35,0.676,0.303,97,3.7,-1.7,1.9,-2.8,1.6,999,12037
Bo Naylor,CLE,73,282,243,54,11,1,10,33,33,31,74,3,5,2,0.223,0.317,0.403,0.72,0.317,107,-0.1,0,2,4.8,1.6,999,21865
Kerry Carpenter,DET,107,448,407,103,21,2,20,53,60,30,99,6,5,2,0.252,0.311,0.458,0.77,0.331,118,-0.6,-0.2,8.3,-7.2,1.6,999,25961
Jorge Mateo,BAL,143,544,501,114,25,5,12,58,54,28,143,6,30,10,0.228,0.275,0.368,0.643,0.281,82,2.3,-0.3,-8.9,6.8,1.6,999,17273
Brett Baty,NYM,75,295,260,67,12,0,11,35,37,27,73,4,2,1,0.257,0.331,0.435,0.767,0.335,122,-0.4,0,7.3,-2,1.6,999,26123
Chris Taylor,LAD,141,568,500,114,26,3,14,61,60,54,173,7,9,3,0.227,0.309,0.377,0.686,0.302,96,0.6,-3.7,-2.2,-1.8,1.6,999,13757
Lane Thomas,WSN,123,552,491,116,26,2,19,68,56,49,132,4,10,4,0.236,0.309,0.411,0.72,0.315,102,-0.3,1.4,0.7,-4.2,1.6,999,16939
Luis García,WSN,117,479,446,119,24,3,14,51,55,24,91,3,5,2,0.267,0.307,0.429,0.736,0.317,103,-0.5,-3.1,1.1,-2.2,1.6,999,20391
Lourdes Gurriel Jr.,TOR,134,544,498,136,29,1,17,62,68,34,100,5,4,2,0.273,0.323,0.438,0.761,0.33,117,-1.4,-3.1,8.9,-11.2,1.6,999,19238
Seth Brown,OAK,133,574,516,119,27,3,25,66,75,48,153,4,8,3,0.231,0.3,0.435,0.735,0.317,112,-0.7,-1.8,7.1,-10.5,1.6,999,18171
James Outman,LAD,104,390,345,82,17,2,17,51,51,34,119,5,6,2,0.238,0.313,0.446,0.759,0.329,114,0.1,-2.2,6.6,-4.9,1.6,999,24770
Nick Fortes,MIA,58,234,210,52,9,1,8,26,27,18,42,4,3,1,0.246,0.314,0.407,0.721,0.316,106,-0.1,0.5,1.5,4.3,1.5,999,21538
Michael A. Taylor,KCR,123,484,438,107,19,3,11,49,49,34,121,4,6,3,0.243,0.301,0.372,0.674,0.297,89,0.1,3,-5.8,5,1.5,999,11489
Bryan De La Cruz,MIA,117,470,431,113,23,1,15,50,56,29,113,3,5,2,0.263,0.312,0.427,0.739,0.321,109,-0.5,-6.1,4.6,-5.8,1.5,999,19600
Rodolfo Castro,PIT,107,431,389,90,17,3,17,48,54,33,107,5,6,3,0.233,0.297,0.423,0.721,0.313,101,-0.2,-1.1,0.4,-0.3,1.5,999,21987
Leody Taveras,TEX,122,478,432,104,21,3,12,51,50,35,115,3,15,5,0.24,0.3,0.384,0.684,0.3,95,0.8,-0.6,-2,1.4,1.5,999,18900
Austin Nola,SDP,84,343,305,80,16,1,7,37,36,29,54,5,2,1,0.262,0.334,0.383,0.718,0.318,108,-0.5,-2.4,2.8,4.6,1.5,999,15941
Jesse Winker,MIL,115,494,418,104,21,1,17,61,58,64,92,6,1,0,0.25,0.355,0.425,0.78,0.344,122,-2.4,-2.1,10.1,-12.3,1.5,999,13590
Yan Gomes,CHC,84,339,314,77,15,1,10,34,39,17,64,4,2,1,0.246,0.29,0.396,0.686,0.298,92,-0.8,0.7,-4.1,7.7,1.5,999,9627
Francisco Álvarez,NYM,74,305,263,60,11,1,14,38,39,34,79,4,1,1,0.23,0.324,0.436,0.76,0.331,120,-0.3,0,6.7,-2.6,1.5,999,26121
Garrett Cooper,MIA,130,569,503,129,27,2,16,64,65,52,145,9,2,1,0.256,0.333,0.412,0.746,0.328,114,-2.3,-0.3,7,-11.9,1.5,999,15279
Nick Allen,OAK,118,450,406,95,21,1,7,44,39,33,84,4,9,3,0.234,0.295,0.341,0.636,0.283,88,0.4,-0.2,-5.8,5.7,1.5,999,22277
Jurickson Profar,NA,134,580,507,122,27,2,15,69,58,60,92,6,7,2,0.242,0.326,0.39,0.717,0.317,105,-0.1,-1.7,3.5,-8.4,1.5,999,10815
Wilmer Flores,SFG,115,475,422,106,22,1,15,53,56,41,78,6,1,0,0.25,0.323,0.415,0.738,0.323,110,-1.8,-2.1,3.7,-5.7,1.5,999,5827
David Villar,SFG,79,325,282,64,13,1,14,38,40,32,94,6,2,1,0.227,0.317,0.426,0.743,0.326,112,-0.3,-0.9,4.1,-1,1.5,999,24782
Austin Barnes,LAD,64,248,217,50,9,0,7,28,27,24,53,3,3,1,0.229,0.313,0.376,0.689,0.305,98,-0.4,-0.3,-1,3.4,1.5,999,12158
Aledmys Díaz,OAK,99,407,372,93,20,1,12,42,45,25,70,5,2,1,0.25,0.304,0.407,0.71,0.31,107,-1.2,-1.9,1.9,-0.9,1.5,999,15937
Brian Anderson,NA,120,505,446,103,21,1,14,54,55,46,134,8,3,1,0.232,0.313,0.38,0.693,0.305,97,-0.3,-1.6,-1.9,-0.7,1.5,999,18289
Michael Brantley,FA,109,486,435,123,24,2,10,60,50,40,60,4,2,1,0.283,0.348,0.415,0.762,0.334,117,-1.3,-0.5,8.1,-10.1,1.5,999,4106
José Iglesias,NA,110,454,423,114,25,1,6,45,44,18,63,6,4,2,0.269,0.307,0.372,0.679,0.298,92,-0.4,-0.8,-4.4,3.5,1.5,999,10231
Jacob Stallings,MIA,89,349,311,74,15,1,6,33,32,29,76,3,1,0,0.237,0.307,0.347,0.654,0.291,89,-1.2,0.3,-5.7,7.7,1.4,999,13723
Oswaldo Cabrera,NYY,96,392,354,84,17,2,15,45,48,30,95,3,10,4,0.237,0.301,0.424,0.724,0.315,106,0,2.9,2.8,-1.5,1.4,999,21707
Oscar Colas,CHW,113,439,401,105,18,2,18,51,57,26,102,4,3,1,0.261,0.311,0.446,0.757,0.325,112,-0.4,0,5.6,-5.9,1.4,999,2018099
William Contreras,ATL,113,459,409,104,19,1,20,56,61,41,116,4,2,1,0.254,0.325,0.453,0.779,0.338,116,-1.2,-0.7,7.2,-7.3,1.4,999,20503
Ryan Kreidler,DET,110,416,366,81,17,2,11,44,40,38,113,6,10,3,0.22,0.301,0.362,0.663,0.295,92,0.4,1.6,-3.2,3.6,1.4,999,25867
Jonathan Schoop,DET,131,562,523,129,26,2,16,58,64,28,113,6,3,1,0.246,0.29,0.395,0.685,0.298,95,-0.4,-2.5,-3.6,-0.7,1.4,999,11265
Nolan Gorman,STL,84,355,322,77,14,1,16,43,48,26,101,3,2,1,0.238,0.298,0.438,0.736,0.319,109,-0.4,-0.6,3.4,-1.7,1.4,999,22263
Matt Mervis,CHC,97,398,360,93,20,1,19,48,54,29,83,5,2,1,0.259,0.321,0.477,0.798,0.343,122,-0.4,0,10,-9.8,1.4,999,2015051
Kyle Farmer,MIN,104,432,395,99,20,1,9,44,46,22,75,10,3,2,0.252,0.306,0.38,0.686,0.302,98,-0.7,-0.5,-1.8,1.5,1.4,999,14813
J.D. Davis,SFG,110,459,398,97,19,1,14,51,52,48,140,8,2,1,0.243,0.333,0.402,0.735,0.324,111,-1.1,1.7,4.5,-6.6,1.4,999,16219
Josh Donaldson,NYY,102,434,377,85,18,0,15,50,51,47,112,5,2,1,0.227,0.319,0.396,0.715,0.315,106,-1.7,-2,1.4,-1.8,1.4,999,5038
Spencer Torkelson,DET,126,496,431,100,21,1,18,56,58,52,116,6,2,1,0.233,0.321,0.417,0.739,0.324,113,-0.7,1.7,6.5,-8.9,1.4,999,27465
Jonathan Aranda,TBR,84,338,300,77,16,1,10,37,39,28,77,5,2,1,0.258,0.331,0.418,0.749,0.328,120,-0.2,2,7.3,-4.7,1.4,999,21837
Roberto Perez,NA,78,308,272,55,9,1,9,31,31,29,98,3,2,1,0.202,0.283,0.343,0.626,0.279,79,-1.1,1.8,-8.4,8.3,1.4,999,2900
TJ Friedl,CIN,113,517,454,113,19,5,16,67,52,46,96,8,13,4,0.248,0.327,0.419,0.745,0.327,104,0.5,-1.2,2.6,-7,1.4,999,19522
Akil Baddoo,DET,113,458,403,95,18,5,10,48,44,46,111,3,17,7,0.235,0.316,0.377,0.693,0.307,101,1.2,1.8,1.6,-3.1,1.4,999,22168
Oswald Peraza,NYY,66,258,233,58,10,1,8,30,31,17,57,3,10,3,0.249,0.308,0.408,0.716,0.313,105,0.3,0.4,1.7,3.1,1.4,999,22823
Brice Turang,MIL,104,390,345,84,16,1,8,43,38,37,78,2,12,3,0.244,0.317,0.366,0.683,0.303,94,0.7,0,-2.1,1.9,1.4,999,2008294
David Fletcher,LAA,120,516,476,128,25,2,5,57,43,29,50,4,8,3,0.268,0.312,0.359,0.671,0.296,90,0.1,-2.2,-5.6,2,1.3,999,17992
Jack Suwinski,PIT,89,365,318,72,15,1,17,43,47,39,105,4,4,2,0.225,0.315,0.435,0.75,0.327,110,-0.2,1.7,4.2,-3.8,1.3,999,22244
Jeimer Candelario,WSN,126,531,474,114,27,2,16,57,61,46,121,5,1,1,0.241,0.312,0.406,0.718,0.314,101,-0.7,-0.3,-0.4,-4.8,1.3,999,13621
Adalberto Mondesi,KCR,123,515,477,112,24,3,14,55,57,28,142,4,29,9,0.234,0.28,0.385,0.665,0.29,84,2.4,-0.6,-6.8,2.9,1.3,999,13769
Alex Call,WSN,102,409,354,84,18,1,13,45,46,44,81,6,7,3,0.238,0.331,0.41,0.74,0.327,109,0,-0.8,4.3,-5.7,1.3,999,19296
Chas McCormick,HOU,115,462,404,92,16,2,14,51,51,48,125,4,6,2,0.228,0.314,0.378,0.692,0.307,100,-0.6,1.1,-0.4,-2,1.3,999,19599
Jordan Walker,STL,97,394,356,91,19,2,12,47,47,29,93,4,7,3,0.257,0.317,0.424,0.741,0.323,112,-0.1,0,5.2,-6.2,1.3,999,2014464
Christian Arroyo,BOS,94,363,331,88,20,1,10,42,42,20,69,5,5,2,0.265,0.315,0.422,0.737,0.32,103,-0.5,-0.8,0.7,-0.1,1.3,999,16434
Jace Peterson,NA,97,400,349,80,17,2,8,41,38,42,98,4,9,3,0.23,0.316,0.36,0.676,0.3,100,0.7,-1.4,0.7,-1.3,1.3,999,12325
Jorge Soler,MIA,133,558,488,112,23,1,25,65,70,58,149,6,2,1,0.23,0.317,0.434,0.751,0.327,114,-1.6,-2.2,7.2,-13.9,1.3,999,14221
Shea Langeliers,OAK,111,434,390,90,19,1,17,48,53,33,113,3,2,1,0.231,0.295,0.42,0.715,0.311,107,-0.4,-0.5,3.2,-2.9,1.3,999,25816
Kyle Higashioka,NYY,47,181,166,38,7,0,8,21,23,11,42,1,1,0,0.227,0.277,0.417,0.695,0.301,96,-0.3,-0.2,-1.1,3.7,1.2,999,5517
Harold Ramírez,TBR,107,451,418,118,26,1,10,50,54,22,77,7,5,2,0.282,0.326,0.422,0.747,0.325,118,-0.3,-1,8.7,-11.2,1.2,999,14387
Gio Urshela,LAA,123,491,449,116,23,2,12,53,56,32,96,3,1,1,0.26,0.311,0.401,0.713,0.311,101,-1.8,-3.4,-1.4,-2.3,1.2,999,10681
Connor Wong,BOS,53,209,191,48,11,1,8,25,26,13,53,2,3,1,0.25,0.301,0.438,0.739,0.32,103,0,-0.7,0.8,3.7,1.2,999,19896
Kevin Newman,CIN,122,503,466,124,25,2,7,49,48,28,65,4,8,3,0.267,0.311,0.375,0.685,0.301,86,0.5,-3.3,-7.7,2.5,1.2,999,17696
Tomás Nido,NYM,69,262,243,56,12,1,5,25,25,12,66,3,2,1,0.229,0.271,0.344,0.615,0.27,78,-1.2,-0.6,-7.9,5.2,1.2,999,13755
Spencer Steer,CIN,104,431,381,92,20,1,17,51,53,38,94,6,3,1,0.241,0.317,0.432,0.749,0.326,103,-0.3,-1.5,1.3,-4.2,1.2,999,26323
Kyle Lewis,ARI,92,389,341,82,15,1,15,46,49,40,101,3,3,1,0.24,0.323,0.427,0.75,0.328,110,-0.4,0.4,4.1,-5.5,1.2,999,19508
Austin Slater,SFG,66,289,250,60,12,1,7,35,28,32,77,4,9,3,0.242,0.335,0.389,0.723,0.321,108,0.9,-0.6,3.7,-2,1.2,999,16153
Trey Mancini,HOU,138,600,531,130,27,1,20,70,70,54,140,8,1,0,0.244,0.321,0.41,0.731,0.32,107,-1.1,0.7,4,-12.1,1.2,999,15149
Luis Campusano,SDP,70,279,252,62,11,1,9,32,34,21,56,3,1,0,0.245,0.308,0.409,0.717,0.314,105,-0.5,-0.9,1.3,1.7,1.2,999,22217
Tyrone Taylor,MIL,113,460,418,97,19,2,18,51,56,29,110,7,6,2,0.233,0.292,0.419,0.712,0.31,99,0.2,2.4,-0.5,-3.5,1.2,999,13675
Jarred Kelenic,SEA,109,434,388,87,19,1,18,49,53,36,109,4,9,4,0.225,0.295,0.416,0.712,0.309,106,0.2,0.8,3,-5.5,1.2,999,22558
Whit Merrifield,TOR,131,547,503,131,28,1,11,64,56,33,87,3,18,5,0.26,0.307,0.386,0.693,0.304,98,1.3,-2.3,0.2,-6.3,1.2,999,11281
Aaron Hicks,NYY,89,364,309,69,12,2,10,41,37,47,85,4,6,2,0.224,0.33,0.367,0.697,0.31,103,0.3,1.9,1.5,-1.8,1.2,999,5297
Michael Massey,KCR,75,306,280,72,17,1,9,33,35,18,66,4,4,2,0.256,0.308,0.415,0.723,0.315,102,-0.1,-0.3,0.5,0.9,1.2,999,27684
Brian Serven,COL,53,204,184,42,8,1,8,24,25,15,44,3,1,0,0.23,0.294,0.409,0.703,0.307,82,-0.2,-0.9,-4.4,3.5,1.2,999,19422
Martín Maldonado,HOU,101,381,339,68,13,1,13,41,41,31,113,5,2,1,0.199,0.273,0.353,0.626,0.277,79,-2.2,1.7,-11,10.1,1.2,999,6887
Avisaíl García,MIA,138,589,539,132,23,1,19,62,70,36,152,9,6,3,0.246,0.302,0.394,0.696,0.305,98,-1.2,1.7,-2.6,-6.3,1.1,999,5760
Alex Kirilloff,MIN,97,383,345,88,18,1,14,44,47,27,82,5,2,1,0.256,0.317,0.431,0.747,0.325,114,-0.7,-0.7,5.4,-6.7,1.1,999,20325
Ji Hwan Bae,PIT,60,242,216,57,12,2,4,28,24,20,44,2,9,3,0.264,0.332,0.394,0.725,0.319,105,0.4,-0.8,1.9,0.8,1.1,999,23818
Kevin Kiermaier,NA,100,408,370,85,18,2,9,42,40,28,104,4,8,3,0.23,0.289,0.364,0.653,0.287,85,0.7,2.3,-6.5,3.9,1.1,999,11038
Cal Mitchell,PIT,91,355,322,86,19,1,11,41,44,24,64,4,5,2,0.267,0.322,0.438,0.761,0.33,113,-0.1,-1.8,5.1,-6.3,1.1,999,22169
Ji-Man Choi,PIT,112,481,409,96,23,1,15,56,56,64,127,4,1,0,0.235,0.341,0.403,0.744,0.328,111,-1.4,-0.2,4.8,-10.5,1.1,999,5452
Mitch Garver,TEX,99,416,364,81,16,1,16,47,50,42,113,5,3,1,0.223,0.31,0.406,0.716,0.315,105,-0.6,-0.8,1.8,-4,1.1,999,15161
Brandon Marsh,PHI,122,473,426,99,19,4,10,50,47,36,149,4,11,4,0.232,0.295,0.368,0.663,0.291,85,0.9,-0.3,-7.3,1.7,1.1,999,20202
Joey Gallo,NA,104,429,358,67,12,2,20,51,52,61,153,4,3,1,0.188,0.312,0.397,0.708,0.313,103,0,0.1,1.4,-5.1,1.1,999,14128
Jared Walsh,LAA,122,498,449,108,22,2,22,59,67,39,136,4,3,1,0.24,0.305,0.442,0.747,0.321,108,-1,1.2,3.4,-8.9,1.1,999,18607
Dylan Moore,SEA,91,362,312,65,14,2,10,40,36,37,102,8,19,7,0.208,0.307,0.361,0.667,0.297,97,1,-1.2,-0.2,-1.1,1.1,999,18042
Esteury Ruiz,MIL,73,293,258,63,13,1,8,35,32,25,62,6,21,6,0.244,0.323,0.395,0.718,0.317,104,1.4,-0.5,2.7,-2.3,1.1,999,21780
Mauricio Dubón,HOU,92,378,346,87,16,1,10,42,42,23,60,3,6,3,0.251,0.301,0.389,0.69,0.302,97,-0.3,-0.3,-1.6,-0.3,1.1,999,16530
Evan Longoria,NA,107,452,405,95,19,1,17,51,55,38,119,4,2,1,0.235,0.305,0.409,0.714,0.31,101,-1.2,-0.8,-0.9,-3.7,1.1,999,9368
Orlando Arcia,ATL,70,274,246,61,12,1,9,32,32,22,52,2,2,1,0.249,0.315,0.408,0.723,0.316,101,0,-1,0.4,0.4,1.1,999,13185
Carter Kieboom,WSN,99,401,346,81,16,1,11,43,41,43,82,7,3,1,0.236,0.33,0.382,0.713,0.317,102,-0.5,-1.2,0.6,-4,1.1,999,19958
Tom Murphy,SEA,63,245,215,48,9,1,9,27,28,24,72,2,1,0,0.223,0.305,0.397,0.702,0.309,106,-0.4,-0.6,1.2,1.4,1.1,999,13499
Tommy Pham,NA,131,578,507,120,22,2,16,67,59,58,147,6,10,3,0.236,0.32,0.379,0.699,0.31,100,0.7,-3.2,0.8,-9.8,1,999,2967
AJ Pollock,NA,120,500,458,116,24,1,17,57,60,32,97,5,5,2,0.254,0.307,0.423,0.73,0.317,105,-0.8,-2.7,2.3,-8.7,1,999,9256
Daniel Vogelbach,NYM,92,389,323,72,12,1,15,48,47,60,97,2,1,0,0.222,0.344,0.406,0.75,0.332,120,-1.6,0,7.6,-10.8,1,999,14130
Jordan Westburg,BAL,50,204,180,44,10,1,7,24,23,18,48,2,3,1,0.243,0.318,0.417,0.735,0.321,110,-0.1,0,2.2,1.1,1,999,2014499
Josh Harrison,CHW,97,397,361,93,19,2,6,41,38,21,64,10,4,2,0.258,0.313,0.372,0.685,0.303,95,-0.8,-1.9,-2.8,-0.3,1,999,8202
Ezequiel Duran,TEX,81,320,295,72,17,1,10,34,37,18,74,3,7,3,0.245,0.292,0.412,0.704,0.306,99,-0.2,-0.9,-0.7,0.3,1,999,23733
Francisco Mejía,TBR,71,282,261,63,15,1,8,30,32,13,57,4,1,0,0.243,0.287,0.396,0.683,0.298,98,-0.5,0,-1,5.9,1,999,16403
Max Stassi,LAA,69,281,249,52,10,1,8,29,30,25,81,3,1,0,0.211,0.29,0.358,0.647,0.287,84,-0.8,-1.8,-5.9,3.9,1,999,10059
Jake Rogers,DET,60,234,207,43,8,1,9,26,26,22,70,2,4,1,0.206,0.287,0.387,0.673,0.296,93,-0.2,1,-1.9,6,1,999,19452
C.J. Cron,COL,139,599,535,136,27,2,28,76,88,50,147,9,1,0,0.255,0.326,0.47,0.796,0.342,106,-1.6,-0.4,2.7,-13.1,1,999,12546
Juan Yepez,STL,79,314,282,71,15,0,15,40,45,23,68,3,1,0,0.251,0.313,0.469,0.782,0.338,122,-0.5,0,7.3,-8.3,1,999,18400
Austin Hedges,NA,74,284,257,51,9,1,8,28,29,19,72,3,2,1,0.2,0.261,0.336,0.598,0.264,69,-0.6,0.5,-10.8,6.6,1,999,12976
Jake Meyers,HOU,76,297,265,63,12,2,8,33,33,23,77,4,4,2,0.238,0.304,0.39,0.694,0.304,98,-0.1,-0.6,-0.6,0.6,1,999,20308
Gavin Sheets,CHW,100,412,372,93,18,0,18,48,53,32,88,3,1,1,0.249,0.312,0.44,0.753,0.327,113,-1.1,-0.7,5.2,-9,1,999,19901
Iván Herrera,STL,45,179,156,36,6,1,5,20,18,18,38,2,2,1,0.228,0.313,0.364,0.677,0.302,97,-0.1,0,-0.7,3.7,1,999,20599
Isiah Kiner-Falefa,NYY,63,263,241,64,11,1,3,28,24,15,36,3,8,3,0.265,0.315,0.356,0.671,0.296,93,0.5,0.1,-1.7,2.5,1,999,16512
Kevin Plawecki,NA,54,214,193,50,10,1,4,23,22,15,37,3,1,1,0.257,0.317,0.382,0.699,0.308,99,-0.7,-1.8,-0.9,2.8,1,999,13807
Manny Piña,ATL,39,157,140,32,6,0,5,18,18,12,31,3,1,0,0.228,0.301,0.388,0.688,0.303,92,-0.5,0.7,-1.9,4,1,999,2829
Will Brennan,CLE,62,251,227,63,14,1,5,29,28,18,36,3,5,2,0.277,0.335,0.417,0.752,0.329,115,0,-0.4,4.1,-3.1,0.9,999,25660
Nick Senzel,CIN,123,490,441,111,23,1,10,51,50,37,88,5,10,4,0.251,0.313,0.38,0.693,0.306,89,-0.4,-3.1,-6.4,-1.1,0.9,999,19293
Joey Bart,SFG,93,354,317,70,13,1,11,38,38,26,117,5,3,1,0.22,0.287,0.373,0.66,0.291,88,-0.5,-2,-5.4,5.7,0.9,999,21524
David Peralta,NA,115,487,439,110,24,2,13,53,55,39,106,4,3,1,0.251,0.315,0.403,0.718,0.312,102,-0.5,-0.9,0.5,-7.5,0.9,999,2136
Carlos Santana,PIT,117,495,420,97,18,1,17,58,58,65,85,3,1,0,0.23,0.336,0.399,0.735,0.325,109,-1,-0.3,4.3,-12,0.9,999,2396
Yonathan Daza,COL,104,464,423,119,23,2,5,55,40,29,77,4,4,2,0.281,0.331,0.386,0.717,0.316,88,0,-1.8,-6.2,-0.5,0.9,999,15794
Tucker Barnhart,NA,78,306,273,61,12,0,5,28,27,25,74,3,1,0,0.223,0.293,0.323,0.616,0.276,77,-0.9,1.8,-9,8.3,0.9,999,10200
Patrick Wisdom,CHC,94,394,347,71,14,0,18,45,50,37,139,6,5,2,0.206,0.29,0.409,0.698,0.305,96,-0.2,-0.9,-1.9,-2.5,0.9,999,13602
Nicky Lopez,KCR,91,350,315,81,14,3,2,35,28,26,49,3,10,3,0.255,0.315,0.337,0.652,0.29,85,1.1,-0.1,-4.9,2.5,0.9,999,19339
Lenyn Sosa,CHW,55,219,203,52,10,1,7,25,25,11,40,2,2,1,0.255,0.298,0.412,0.71,0.309,100,-0.1,0.7,0,1.8,0.9,999,22896
Gary Sanchez,NA,82,331,292,60,12,0,15,37,41,30,93,4,1,1,0.205,0.287,0.399,0.686,0.301,94,-0.9,-1.2,-3.2,0.8,0.9,999,11442
Nick Gordon,MIN,84,343,316,79,17,2,7,35,36,18,80,5,7,3,0.251,0.3,0.391,0.691,0.302,97,0.2,-1.4,-0.8,-1.6,0.9,999,16337
Brandon Belt,NA,94,407,349,78,14,1,16,50,49,48,109,6,2,1,0.224,0.326,0.408,0.734,0.322,109,-1,0.1,3.2,-8.2,0.9,999,10264
Tommy La Stella,SFG,87,371,334,86,19,1,8,41,36,28,51,3,2,1,0.259,0.321,0.39,0.711,0.313,103,-0.9,-0.6,0.3,-4.4,0.9,999,12371
Emmanuel Rivera,ARI,92,378,343,84,17,2,13,43,45,26,85,4,3,1,0.244,0.302,0.418,0.72,0.313,100,-0.2,-0.5,-0.3,-4.1,0.9,999,19890
Vimael Machín,OAK,63,268,236,58,13,1,4,27,23,26,48,2,1,1,0.245,0.325,0.353,0.678,0.302,102,-0.3,-1.6,0.2,-0.4,0.9,999,17684
Rob Refsnyder,BOS,68,284,249,63,15,0,8,33,31,27,72,4,2,1,0.255,0.335,0.41,0.745,0.328,109,-0.2,-0.6,2.7,-3.5,0.9,999,13770
Victor Robles,WSN,123,476,429,97,21,2,9,49,44,29,119,11,15,5,0.227,0.291,0.353,0.643,0.285,81,0.5,0.4,-10.2,2.4,0.9,999,18363
Conner Capel,OAK,73,291,259,63,12,2,8,30,31,26,60,2,7,3,0.242,0.315,0.394,0.708,0.312,108,-0.1,-0.5,2.6,-3.7,0.9,999,19983
Alek Thomas,ARI,40,168,152,40,9,1,4,19,19,12,30,2,3,1,0.263,0.321,0.422,0.743,0.324,107,0.1,1,1.5,0.9,0.8,999,23792
James McCann,NYM,51,201,182,41,7,0,5,20,20,13,55,3,2,1,0.227,0.287,0.352,0.639,0.283,86,-0.3,0.3,-3.5,4.6,0.8,999,12859
Elly De La Cruz,CIN,50,204,188,48,10,2,8,25,27,11,60,1,7,3,0.255,0.299,0.459,0.759,0.325,103,0.2,0,0.8,0.4,0.8,999,2009289
Jake Fraley,CIN,113,475,410,97,19,1,19,57,58,54,120,5,9,3,0.237,0.331,0.424,0.754,0.33,106,0,-3,3.4,-11.3,0.8,999,19260
Brandon Dixon,SDP,76,306,278,68,13,1,13,38,41,21,82,3,5,2,0.243,0.303,0.442,0.745,0.32,110,-0.2,-0.5,3.3,-5.6,0.8,999,15214
Eric Haase,DET,76,311,283,64,12,1,13,33,37,23,88,2,1,0,0.227,0.288,0.414,0.703,0.305,100,-0.4,-0.4,-0.5,4.1,0.8,999,14111
Michael Busch,LAD,65,263,233,54,12,0,10,32,32,23,73,3,2,1,0.234,0.31,0.42,0.73,0.319,107,-0.2,0,2,-2.9,0.8,999,2011540
Josh H. Smith,TEX,91,348,301,73,15,1,7,38,32,35,72,7,9,3,0.241,0.33,0.364,0.694,0.31,102,0.2,-0.1,1,-4.2,0.8,999,26396
Nick Castellanos,PHI,141,602,552,142,33,1,20,69,77,37,136,6,5,2,0.257,0.309,0.43,0.739,0.32,105,-0.8,-5.8,2.6,-15,0.8,999,11737
Jake Alu,WSN,86,332,302,80,19,1,9,37,38,22,64,3,4,2,0.265,0.319,0.424,0.744,0.323,107,-0.2,0,2.3,-5.7,0.8,999,2010009
JJ Bleday,MIA,79,330,284,58,13,1,11,35,36,39,88,3,3,1,0.205,0.306,0.372,0.678,0.302,96,-0.2,-0.4,-1.7,-1.6,0.8,999,26368
Edward Olivares,KCR,68,279,253,66,13,1,9,31,32,19,53,3,5,2,0.261,0.319,0.423,0.742,0.324,108,0.1,-0.7,2.6,-3.8,0.8,999,19698
Josh Lowe,TBR,63,260,230,53,12,1,8,29,29,25,82,2,7,2,0.229,0.308,0.394,0.702,0.308,105,0.4,0,1.9,-2.5,0.8,999,19953
Nick Ahmed,ARI,100,386,350,81,19,2,8,40,38,27,83,3,7,2,0.23,0.288,0.362,0.65,0.285,81,0.3,-2,-8.3,3,0.8,999,12147
Zach McKinstry,CHC,62,256,228,54,11,2,6,28,26,22,57,3,4,2,0.238,0.309,0.391,0.701,0.307,98,0.1,-1.1,-0.6,-0.4,0.8,999,19392
Marcell Ozuna,ATL,109,434,391,97,17,1,18,52,58,35,100,3,2,1,0.248,0.312,0.436,0.748,0.325,107,-0.4,-1.3,3.2,-10.2,0.8,999,10324
Diego Castillo,PIT,73,300,271,64,14,0,10,32,34,21,63,3,3,1,0.236,0.297,0.395,0.692,0.302,94,-0.1,0.1,-2.4,-0.1,0.8,999,19906
J.D. Martinez,NA,141,610,548,137,30,1,20,70,76,52,152,5,1,0,0.25,0.318,0.422,0.741,0.322,109,-2.7,-0.3,3.7,-16.2,0.8,999,6184
Jesús Sánchez,MIA,63,263,236,58,10,2,11,30,34,21,66,3,1,1,0.245,0.312,0.439,0.751,0.326,112,-0.7,0.1,3.1,-4.5,0.8,999,19913
Jordan Groshans,MIA,50,198,175,46,9,0,3,20,19,18,36,1,1,0,0.26,0.333,0.368,0.701,0.312,103,-0.2,-0.8,0.5,0.3,0.8,999,23794
Donovan Solano,FA,73,303,277,75,15,0,5,31,31,18,58,5,1,0,0.272,0.324,0.384,0.708,0.311,101,-0.9,-1.1,-0.5,-2,0.8,999,8623
Taylor Walls,TBR,58,232,201,42,10,1,5,24,22,26,59,2,5,2,0.21,0.303,0.339,0.642,0.288,91,0.3,0.4,-2,2,0.8,999,22458
Wil Myers,NA,96,391,350,85,19,1,12,43,45,34,107,2,4,2,0.243,0.312,0.409,0.721,0.315,104,0.3,-0.3,1.9,-7.4,0.8,999,10047
Drew Waters,KCR,81,322,288,69,15,3,9,34,35,27,92,3,8,3,0.239,0.308,0.401,0.709,0.311,99,0.1,0,-0.3,-2.7,0.8,999,20505
Andrew Knizner,STL,95,371,328,76,15,1,8,38,37,32,78,6,2,1,0.231,0.307,0.353,0.66,0.294,92,-0.5,0.2,-4,8.1,0.8,999,19514
Abraham Toro,MIL,50,205,182,44,9,1,6,23,24,17,35,3,2,1,0.241,0.313,0.409,0.722,0.316,103,-0.3,-0.9,0.4,-0.1,0.8,999,19844
Romy Gonzalez,CHW,71,270,245,56,11,1,9,30,30,18,82,2,6,2,0.23,0.287,0.392,0.678,0.296,91,0.2,-0.3,-2.4,1,0.7,999,21562
Matt Vierling,PHI,73,288,260,67,12,2,7,33,32,21,59,3,7,3,0.256,0.316,0.404,0.72,0.315,102,0.2,-1.5,0.7,-3.3,0.7,999,21558
Blake Sabol,CIN,35,143,127,31,6,1,4,16,16,12,37,1,1,1,0.243,0.314,0.403,0.717,0.314,103,-0.1,0,0.5,1.9,0.7,999,2010269
Seby Zavala,CHW,52,200,178,35,8,0,6,20,20,17,72,2,1,0,0.197,0.275,0.34,0.614,0.273,75,-0.4,-0.8,-6,2.7,0.7,999,18887
Danny Mendick,NA,68,271,243,57,11,1,6,29,26,21,59,3,4,1,0.234,0.301,0.359,0.66,0.293,88,0,-0.2,-3.6,1.6,0.7,999,18889
César Hernández,NA,97,430,387,95,17,2,6,47,35,33,85,4,5,2,0.246,0.31,0.349,0.659,0.293,88,-0.2,-1.1,-5.9,-1.4,0.7,999,10556
Andrew McCutchen,NA,125,541,473,112,23,1,18,64,61,58,117,4,7,3,0.236,0.323,0.4,0.722,0.318,106,-1.8,-1.8,2,-13,0.7,999,9847
Kyle Stowers,BAL,76,304,270,65,14,1,12,34,38,27,86,4,2,1,0.24,0.315,0.435,0.75,0.326,113,-0.4,-0.1,4.2,-7.2,0.7,999,26151
Randal Grichuk,COL,107,434,403,104,21,2,17,50,58,22,95,4,2,1,0.259,0.302,0.452,0.754,0.325,95,-0.9,-2.1,-3.4,-4.5,0.7,999,10243
Nick Pratto,KCR,70,285,245,53,11,2,12,33,34,33,88,4,3,1,0.216,0.316,0.42,0.737,0.323,108,-0.3,1.3,2.1,-4.6,0.7,999,22117
Geraldo Perdomo,ARI,57,218,190,43,8,2,3,22,19,22,44,2,4,1,0.228,0.315,0.334,0.649,0.292,85,0.3,0.1,-3.5,2.7,0.7,999,22799
Trevor Larnach,MIN,102,411,361,82,18,1,13,43,45,39,129,6,2,1,0.228,0.31,0.385,0.695,0.306,101,-0.8,1.4,-0.5,-6,0.7,999,21501
Edmundo Sosa,PHI,57,226,207,50,9,2,5,24,24,10,51,6,4,2,0.242,0.293,0.38,0.673,0.295,87,0.1,1,-3.2,2.1,0.7,999,17022
Willson Contreras,FA,40,179,154,37,7,0,7,24,21,16,42,6,2,1,0.239,0.331,0.426,0.757,0.333,118,-0.4,0,3.4,-2.5,0.7,999,11609
Matt Carpenter,FA,109,436,373,82,18,1,16,52,51,50,116,8,3,1,0.221,0.323,0.407,0.73,0.321,108,-1.5,-0.3,2.6,-10.5,0.7,999,8090
LaMonte Wade Jr.,SFG,89,363,311,71,14,1,11,42,39,41,78,5,3,1,0.228,0.324,0.391,0.715,0.315,104,-0.7,-1.1,1.2,-7,0.7,999,18126
Nolan Jones,COL,58,235,205,52,11,1,8,28,29,25,63,2,3,1,0.255,0.338,0.441,0.78,0.34,105,-0.3,0.5,1.1,-2.6,0.7,999,20529
Ben Gamel,FA,78,330,287,68,15,2,7,36,33,36,83,3,4,2,0.237,0.325,0.37,0.695,0.308,99,-0.2,0,-0.6,-3.9,0.7,999,12160
Sean Bouchard,COL,47,188,164,42,10,1,8,25,25,20,47,2,3,1,0.258,0.341,0.474,0.815,0.353,114,-0.1,-0.1,2.9,-2.9,0.7,999,21270
Paul DeJong,STL,42,170,151,32,6,0,6,18,20,14,46,2,2,1,0.211,0.286,0.38,0.666,0.293,91,-0.1,0.8,-1.8,2.4,0.7,999,18015
Dominic Smith,FA,84,347,311,77,18,1,10,39,41,26,73,6,2,1,0.249,0.316,0.411,0.727,0.318,106,-0.7,0.9,1.6,-6.7,0.7,999,15653
Miguel Andújar,PIT,91,372,345,91,19,1,12,42,47,19,58,3,4,2,0.264,0.305,0.431,0.736,0.319,105,0,-1.4,2.1,-8.4,0.7,999,15878
Kyle Isbel,KCR,75,299,270,65,13,3,7,32,32,21,72,4,10,4,0.243,0.304,0.393,0.697,0.305,95,0.2,1.1,-1.5,-1.9,0.6,999,21614
Ildemaro Vargas,WSN,81,320,295,74,16,2,6,32,32,18,43,2,3,1,0.252,0.298,0.379,0.677,0.296,88,-0.1,-2.2,-4.5,-0.2,0.6,999,13324
Curt Casali,FA,60,237,205,43,8,1,6,25,23,25,68,3,1,1,0.209,0.302,0.345,0.647,0.289,86,-0.5,-0.7,-4.3,4.4,0.6,999,12510
Alan Trejo,COL,57,222,206,52,12,1,8,26,28,10,49,2,3,1,0.253,0.293,0.436,0.729,0.314,87,-0.1,-0.4,-3.4,1.8,0.6,999,20056
Jacob Amaya,LAD,42,171,150,34,6,1,5,19,18,17,38,1,1,0,0.225,0.307,0.367,0.674,0.299,94,-0.1,0,-1.4,1.5,0.6,999,2005081
Cristian Pache,OAK,68,265,242,55,12,1,7,26,27,17,67,2,4,2,0.227,0.281,0.374,0.655,0.287,91,-0.2,-0.7,-3,0.4,0.6,999,19948
Cavan Biggio,TOR,66,266,224,49,11,1,7,31,27,35,68,3,3,1,0.22,0.331,0.374,0.705,0.315,106,-0.2,-1.1,1.6,-4.2,0.6,999,19252
Eric Hosmer,BOS,130,544,490,133,28,1,14,62,65,43,91,4,3,1,0.273,0.334,0.422,0.757,0.328,109,-2.3,-1.2,3.3,-14.8,0.6,999,3516
Taylor Trammell,SEA,52,206,181,40,8,0,7,23,22,21,56,2,5,2,0.219,0.304,0.38,0.684,0.302,101,0,1.3,0.3,-1.1,0.6,999,19960
Canaan Smith-Njigba,PIT,42,171,147,36,8,1,4,19,18,20,41,2,4,1,0.247,0.342,0.393,0.736,0.326,110,0,0.1,1.9,-2,0.6,999,23264
Jake Burger,CHW,71,290,263,64,11,2,11,33,36,20,79,3,1,0,0.242,0.301,0.427,0.728,0.316,105,-0.3,-0.4,1.5,-5.1,0.6,999,22275
Jake Lamb,FA,150,610,531,114,23,2,20,66,66,63,176,8,3,1,0.215,0.305,0.374,0.679,0.301,94,-0.8,1,-4.7,-9.6,0.6,999,13329
Jason Heyward,LAD,65,260,230,54,10,1,7,27,27,23,54,3,3,1,0.237,0.313,0.376,0.689,0.305,97,0.2,1,-0.7,-2.2,0.6,999,4940
Gilberto Celestino,MIN,44,173,153,38,8,1,3,18,17,16,38,2,2,1,0.248,0.322,0.373,0.694,0.308,102,-0.4,-0.6,0,0,0.6,999,20233
Bryan Lavastida,CLE,39,155,138,31,6,1,4,17,16,12,34,2,2,1,0.226,0.295,0.362,0.658,0.291,88,-0.1,0,-2.2,3.2,0.6,999,24765
José Azocar,SDP,75,291,267,66,12,2,5,31,30,17,65,2,9,4,0.248,0.296,0.369,0.665,0.292,91,0,1,-3.2,-1.1,0.6,999,18821
Rafael Ortega,FA,68,294,258,62,12,1,7,35,28,30,62,2,9,3,0.241,0.323,0.38,0.703,0.31,101,-0.3,-0.5,0,-4.1,0.6,999,10323
Nathan Lukes,TOR,60,243,219,53,13,1,4,26,24,18,47,3,4,2,0.243,0.305,0.366,0.671,0.295,92,-0.1,0,-2.4,0,0.6,999,275215
Luke Maile,CIN,45,176,155,34,8,0,3,17,16,16,49,2,1,0,0.22,0.3,0.342,0.642,0.287,76,-0.2,0.9,-5.1,4.7,0.6,999,13355
Sam Haggerty,SEA,65,257,228,52,12,1,5,27,25,22,64,3,11,3,0.229,0.303,0.359,0.662,0.292,94,0.6,0.4,-1.2,-1.6,0.6,999,18054
Rougned Odor,FA,84,339,304,65,13,2,11,35,38,24,84,6,3,1,0.215,0.283,0.38,0.664,0.291,87,0,-2.3,-4.9,-0.9,0.6,999,12282
Luke Voit,FA,122,519,456,105,19,1,21,60,65,50,155,7,2,1,0.23,0.313,0.414,0.727,0.319,107,-2.1,-0.7,1.8,-13.5,0.6,999,14811
Raimel Tapia,FA,71,299,276,73,15,2,5,33,29,17,52,1,7,2,0.266,0.31,0.386,0.697,0.305,97,0.7,-1.7,-0.4,-4.1,0.6,999,14350
Jason Delay,PIT,57,219,201,43,9,1,4,21,20,13,57,2,3,1,0.216,0.268,0.33,0.598,0.265,68,-0.2,-1.5,-8.4,3.3,0.6,999,19806
Stone Garrett,WSN,65,273,253,60,13,1,13,33,36,14,73,2,6,2,0.238,0.283,0.451,0.734,0.315,101,0,-0.1,0.4,-4.4,0.5,999,19273
Charles Leblanc,MIA,73,301,271,62,13,1,8,30,30,24,92,3,4,2,0.23,0.296,0.369,0.665,0.293,90,-0.1,1.8,-3.6,-1.3,0.5,999,19813
Stuart Fairchild,CIN,68,260,229,52,11,1,10,30,30,22,75,5,5,2,0.226,0.305,0.411,0.715,0.313,94,-0.1,1.2,-1.9,-1.7,0.5,999,20321
Nick Solak,CIN,62,255,227,57,11,1,8,29,29,20,55,5,4,2,0.252,0.323,0.412,0.735,0.323,101,0.2,-1.5,0.5,-3.9,0.5,999,19294
Samad Taylor,KCR,31,125,111,27,5,1,4,15,14,11,29,1,5,2,0.243,0.317,0.404,0.721,0.315,102,0.2,0,0.6,0.5,0.5,999,218192
P.J. Higgins,CHC,69,278,245,56,12,1,6,28,26,26,68,3,1,1,0.229,0.308,0.353,0.662,0.295,89,-0.6,-0.2,-4.1,2,0.5,999,18433
Didi Gregorius,FA,49,198,181,43,8,2,5,20,21,11,31,3,1,1,0.236,0.289,0.381,0.67,0.293,89,0,-1.3,-2.6,1.1,0.5,999,6012
Jonah Bride,OAK,36,148,128,31,7,0,3,16,14,16,28,3,1,0,0.243,0.335,0.369,0.704,0.315,110,-0.3,-0.1,1.5,-1.2,0.5,999,24703
Andy Pages,LAD,26,105,93,21,4,0,5,13,14,9,28,2,1,0,0.228,0.302,0.438,0.74,0.321,109,-0.1,0,1,0.4,0.5,999,2005625
Andy Ibáñez,DET,57,230,208,53,11,1,5,24,24,16,38,2,2,1,0.252,0.31,0.393,0.703,0.308,102,-0.3,-1.2,0.2,-2.6,0.5,999,18819
Ryan Noda,OAK,52,210,178,38,8,0,8,24,23,26,65,3,3,1,0.213,0.321,0.392,0.713,0.315,111,-0.1,0,2.5,-4.3,0.5,999,273960
Mario Feliciano,MIL,26,102,94,23,4,0,3,11,12,6,20,1,1,0,0.246,0.295,0.397,0.692,0.302,94,-0.1,0,-0.8,2.2,0.5,999,20263
Vidal Bruján,TBR,36,144,130,31,7,1,3,16,15,12,28,1,8,3,0.237,0.304,0.372,0.676,0.299,99,0.4,0,0.2,-0.1,0.5,999,20536
Matt Duffy,FA,76,314,284,73,13,1,4,31,29,23,62,4,2,1,0.259,0.32,0.347,0.668,0.298,92,-0.8,-1.2,-3.7,-1.8,0.5,999,13836
Alex Isola,MIN,23,92,81,19,4,0,3,10,10,8,20,1,1,0,0.231,0.305,0.385,0.69,0.304,99,-0.1,0,-0.2,1.9,0.5,999,8170516
Andrew Bechtold,MIN,38,153,136,28,6,0,4,15,15,14,47,1,1,0,0.204,0.281,0.345,0.626,0.278,81,-0.2,0,-3.4,3.1,0.5,999,229787
Tyler Heineman,FA,23,87,79,19,4,0,1,9,8,6,15,1,1,0,0.24,0.298,0.347,0.645,0.286,84,-0.2,0,-1.8,1.9,0.5,999,13897
Gabriel Moreno,TOR,15,60,54,15,3,0,2,7,7,4,11,1,1,0,0.268,0.327,0.416,0.743,0.325,113,0,0.2,0.9,1.4,0.5,999,22664
Tyler Naquin,FA,96,400,365,89,19,3,12,45,46,25,100,4,5,2,0.244,0.298,0.411,0.71,0.308,99,-0.1,-3.2,-0.7,-7.9,0.5,999,13359
Elehuris Montero,COL,39,157,141,37,8,1,7,20,22,11,37,2,1,0,0.261,0.321,0.471,0.793,0.342,107,-0.1,-0.1,1.1,-1.9,0.5,999,20543
Yuli Gurriel,FA,125,529,483,126,29,1,11,56,56,35,69,5,4,2,0.262,0.316,0.39,0.706,0.31,100,-1.3,-1.3,-1.2,-11.7,0.5,999,19198
Andrelton Simmons,FA,66,255,233,55,10,1,3,24,22,16,41,2,4,1,0.238,0.292,0.319,0.611,0.273,75,0,0.5,-7.4,3.4,0.5,999,10847
Carlos Pérez,CHW,26,102,93,23,4,0,3,11,12,6,12,1,1,0,0.243,0.295,0.404,0.698,0.305,98,-0.1,-0.2,-0.4,1.9,0.5,999,20805
Austin Wynns,SFG,30,117,103,25,4,0,2,12,11,10,25,1,1,0,0.242,0.316,0.359,0.675,0.301,95,-0.2,0,-0.9,2.5,0.4,999,15271
Cal Stevenson,OAK,36,144,124,29,6,1,2,15,13,17,33,1,4,1,0.232,0.325,0.346,0.67,0.301,101,0,1.1,0.2,-0.5,0.4,999,22411
Odúbel Herrera,FA,42,175,161,41,8,1,5,20,19,10,32,2,3,1,0.258,0.307,0.405,0.713,0.311,101,-0.1,-0.9,0.2,-1.6,0.4,999,11476
Jorge Alfaro,FA,48,194,180,43,8,0,5,19,21,9,62,3,2,1,0.237,0.28,0.373,0.652,0.285,83,-0.4,-0.7,-4.1,3.4,0.4,999,12180
Meibrys Viloria,CLE,24,95,82,17,4,0,2,10,9,11,29,1,1,0,0.209,0.312,0.33,0.642,0.29,87,-0.1,0.1,-1.4,2.1,0.4,999,17109
Corey Dickerson,FA,75,311,287,75,16,2,7,34,35,17,57,3,2,1,0.262,0.308,0.405,0.713,0.31,101,-0.7,-1.8,-0.5,-5.5,0.4,999,10762
David Hensley,HOU,45,185,161,39,9,1,4,21,19,20,46,1,4,1,0.24,0.326,0.373,0.699,0.31,103,-0.1,0.3,0.4,-2.1,0.4,999,25111
Jarren Duran,BOS,73,312,282,68,15,3,7,37,31,22,83,4,10,3,0.241,0.302,0.396,0.698,0.305,93,0.3,-2.7,-2.3,-3.5,0.4,999,24617
Zack Short,DET,40,162,139,28,7,0,4,16,15,19,46,2,2,1,0.2,0.302,0.337,0.638,0.287,87,-0.1,0.4,-2.5,1.5,0.4,999,19562
Edouard Julien,MIN,24,99,83,20,4,0,3,12,10,13,28,1,2,1,0.237,0.343,0.391,0.734,0.326,115,0,0,1.6,-0.7,0.4,999,2014445
Hanser Alberto,FA,60,242,229,61,12,2,3,24,24,7,34,3,2,1,0.264,0.292,0.373,0.665,0.29,87,0,-1.2,-3.7,-0.2,0.4,999,11902
Darick Hall,PHI,57,233,208,48,11,0,12,28,32,19,59,3,1,1,0.231,0.303,0.46,0.763,0.328,110,-0.2,0,2.6,-6.4,0.4,999,19717
David Fry,CLE,21,86,77,18,4,0,3,10,10,6,20,1,0,0,0.229,0.296,0.394,0.69,0.302,96,-0.1,0,-0.4,1.8,0.4,999,2006787
Yainer Diaz,HOU,23,94,87,23,4,0,4,11,13,5,17,1,0,0,0.261,0.304,0.45,0.754,0.326,113,-0.1,0,1.4,-0.3,0.4,999,23003
Anthony Bemboom,BAL,32,124,110,23,4,0,3,12,12,11,31,1,1,0,0.208,0.282,0.336,0.618,0.276,78,-0.3,0.2,-3.4,2.9,0.4,999,13854
Tyler Freeman,CLE,23,92,83,23,5,0,1,10,9,5,11,2,1,0,0.273,0.332,0.386,0.718,0.317,107,-0.1,-0.2,0.6,0.3,0.4,999,22532
Mark Vientos,NYM,18,72,65,15,3,0,4,9,10,6,21,1,0,0,0.238,0.306,0.451,0.757,0.326,116,-0.1,0.2,1.3,0,0.4,999,22184
Robbie Grossman,FA,96,414,354,78,16,1,9,47,37,49,105,5,7,3,0.22,0.322,0.35,0.672,0.302,95,-0.8,-1.8,-3.2,-6.6,0.4,999,5254
Cam Gallagher,FA,30,120,108,24,5,0,2,12,11,9,28,1,1,0,0.219,0.282,0.334,0.616,0.274,75,-0.3,-0.2,-3.7,2.3,0.4,999,12981
Ryan Ward,LAD,47,190,175,42,7,1,9,23,26,11,47,2,1,1,0.238,0.289,0.442,0.73,0.315,105,-0.1,0,0.9,-3.5,0.4,999,8169792
Miguel Amaya,CHC,18,73,64,14,3,0,2,8,8,8,18,1,1,0,0.221,0.312,0.381,0.692,0.307,98,-0.1,0,-0.3,1.5,0.4,999,217354
Jesús Aguilar,FA,84,366,331,80,15,0,14,42,46,28,80,3,1,0,0.243,0.306,0.415,0.721,0.314,103,-1.5,-0.6,-0.1,-8.1,0.4,999,11342
Mike Brosseau,MIL,49,201,178,39,8,1,6,22,22,17,58,4,2,1,0.221,0.301,0.376,0.677,0.299,91,-0.4,-1.1,-2.4,-0.8,0.4,999,19683
Elias Díaz,COL,89,348,316,80,16,2,10,39,41,24,68,3,1,1,0.253,0.309,0.412,0.721,0.314,87,-0.9,-0.5,-6,6.9,0.4,999,11680
Otto Lopez,TOR,21,88,79,21,4,1,1,10,9,7,15,1,2,1,0.264,0.328,0.375,0.703,0.31,102,0,0.2,0.2,0.6,0.4,999,19608
Nate Eaton,KCR,53,213,193,46,9,2,4,22,21,15,49,3,8,3,0.241,0.302,0.375,0.676,0.298,90,0.4,0.1,-2,-1.2,0.4,999,25055
Khalil Lee,NYM,50,204,175,36,8,0,5,22,20,22,72,5,4,2,0.204,0.307,0.341,0.648,0.292,93,0,-0.4,-1.6,-1.7,0.4,999,19952
Luis González,SFG,58,236,207,49,11,1,5,26,24,23,55,3,6,2,0.237,0.317,0.375,0.692,0.306,98,-0.1,-1.7,-0.6,-3.8,0.4,999,20332
Cooper Hummel,SEA,29,122,104,23,5,1,4,14,12,15,34,1,2,1,0.217,0.32,0.375,0.695,0.309,106,-0.1,-0.4,0.8,1.4,0.4,999,19458
Willi Castro,FA,52,214,198,49,10,1,5,23,22,11,48,3,5,2,0.248,0.295,0.384,0.679,0.297,92,0.2,-0.9,-1.9,-1.7,0.4,999,17338
Spencer Horwitz,TOR,32,131,114,28,7,0,3,16,14,14,27,1,1,0,0.245,0.333,0.397,0.73,0.322,111,-0.1,0,1.5,-2.3,0.4,999,8115496
Blaze Alexander,ARI,24,99,89,21,4,1,3,11,11,7,27,1,1,1,0.237,0.3,0.397,0.697,0.305,94,0,0,-0.7,0.7,0.4,999,2007742
Alec Burleson,STL,19,80,73,20,4,0,3,9,10,5,13,1,0,0,0.273,0.321,0.446,0.767,0.333,118,-0.1,0,1.6,-1,0.3,999,27615
Sal Frelick,MIL,18,72,65,18,3,1,1,8,8,5,10,1,1,1,0.276,0.337,0.414,0.751,0.328,111,0,0,0.9,0,0.3,999,2017047
Terrin Vavra,BAL,29,119,104,26,6,1,2,13,11,13,25,2,1,1,0.249,0.337,0.367,0.703,0.314,105,-0.2,-0.1,0.5,-1,0.3,999,24400
Miles Mastrobuoni,CHC,26,106,94,25,5,1,2,11,11,9,21,1,2,1,0.262,0.33,0.384,0.714,0.315,103,-0.1,-0.6,0.4,-0.6,0.3,999,20017
Dillon Dingler,DET,21,86,77,17,3,0,2,9,9,6,24,1,0,0,0.219,0.287,0.368,0.655,0.288,88,-0.1,0,-1.3,1.8,0.3,999,2014528
Travis Jankowski,FA,60,242,207,48,8,1,2,25,19,29,52,2,8,3,0.233,0.331,0.317,0.648,0.294,89,0,-0.5,-3,-1.7,0.3,999,13768
Bubba Thompson,TEX,78,299,277,66,12,2,7,32,30,15,80,3,18,5,0.239,0.283,0.372,0.655,0.286,85,1.6,0.1,-3.4,-2.9,0.3,999,22261
Joey Votto,CIN,123,539,463,104,21,1,19,61,64,64,140,7,1,0,0.225,0.325,0.399,0.724,0.319,99,-2.6,-0.7,-3.4,-11.5,0.3,999,4314
Will Benson,CLE,23,90,76,17,3,0,3,11,10,12,26,1,2,1,0.217,0.327,0.397,0.724,0.32,109,0,0.2,0.9,-0.6,0.3,999,21853
Carter Bins,PIT,33,134,119,23,5,1,3,13,13,12,43,2,1,0,0.197,0.278,0.337,0.615,0.274,74,-0.1,0,-4.1,2.8,0.3,999,8115884
Korey Lee,HOU,38,147,134,29,6,0,5,16,17,10,40,1,2,1,0.215,0.272,0.38,0.652,0.285,85,0,-0.4,-2.5,2.7,0.3,999,25543
Adam Duvall,FA,79,325,296,62,12,1,15,36,42,22,100,4,2,1,0.209,0.27,0.409,0.679,0.295,90,-0.4,0.6,-4.2,-3.3,0.3,999,10950
Payton Henry,MIL,32,124,111,23,4,0,3,12,12,9,37,2,1,0,0.208,0.279,0.333,0.612,0.272,73,-0.1,0.1,-4,2.7,0.3,999,22164
Ben Rortvedt,NYY,20,77,69,14,3,0,2,8,8,6,23,1,0,0,0.205,0.274,0.354,0.628,0.278,80,0,0.1,-1.8,1.8,0.3,999,20287
Evan White,SEA,53,219,198,43,8,0,9,24,27,16,65,2,2,1,0.215,0.28,0.399,0.679,0.297,97,0,1.3,-0.7,-3.2,0.3,999,20078
Nelson Cruz,FA,97,421,376,93,16,1,14,48,52,37,101,5,2,1,0.247,0.319,0.405,0.725,0.317,105,-1.9,0,0.6,-11.3,0.3,999,2434
Victor Reyes,FA,60,250,231,59,12,2,5,27,25,13,57,2,4,1,0.255,0.299,0.379,0.678,0.297,91,0.1,-1.1,-2.4,-2.8,0.3,999,15487
Johan Camargo,MIN,24,95,86,21,4,0,2,10,10,8,19,1,0,0,0.244,0.309,0.385,0.694,0.305,97,-0.1,-0.4,-0.4,0.2,0.3,999,14950
Eguy Rosario,SDP,16,68,61,15,3,0,2,8,8,6,15,1,2,1,0.242,0.31,0.4,0.71,0.311,104,0,0,0.3,0.3,0.3,999,19964
Brenton Doyle,COL,21,85,79,21,4,1,3,11,11,4,24,1,2,1,0.264,0.304,0.459,0.763,0.328,97,0,0,-0.3,0.4,0.3,999,2009965
Lewin Díaz,BAL,49,197,179,40,8,0,9,23,26,13,48,2,1,0,0.224,0.281,0.432,0.713,0.308,101,-0.3,0.8,-0.1,-3.2,0.3,999,18365
Jonathan Villar,FA,32,136,123,30,5,1,3,15,13,10,34,1,4,1,0.243,0.303,0.374,0.678,0.298,92,0.4,-1.6,-0.7,-0.8,0.3,999,10071
Leury Garcia,CHW,86,345,320,81,14,1,5,33,32,17,71,3,3,1,0.254,0.297,0.352,0.649,0.286,84,0.6,-2,-5.5,-2.7,0.3,999,5913
Yu Chang,FA,29,117,105,24,5,0,3,12,13,9,32,2,1,0,0.228,0.294,0.378,0.672,0.296,90,-0.1,-0.1,-1.4,0.4,0.3,999,14773
Chad Pinder,FA,83,348,323,75,16,1,11,36,40,19,100,2,2,1,0.232,0.278,0.389,0.666,0.29,87,-0.3,0.7,-5.5,-3,0.3,999,15191
Kevin Pillar,FA,50,202,187,44,9,1,6,21,23,10,42,3,2,1,0.235,0.282,0.391,0.673,0.293,89,0.3,-0.6,-2.3,-1.5,0.3,999,12434
Israel Pineda,WSN,26,102,94,20,4,0,3,10,11,6,25,1,1,0,0.216,0.271,0.377,0.647,0.283,79,-0.1,-0.1,-2.5,2.1,0.3,999,22906
Ali Sánchez,ARI,27,110,99,23,5,0,2,10,10,9,27,1,1,0,0.23,0.294,0.337,0.631,0.28,77,-0.2,-0.1,-3.1,2.2,0.3,999,18551
Sam Huff,TEX,23,93,84,19,3,0,4,10,12,7,30,1,0,0,0.223,0.284,0.418,0.702,0.304,97,-0.1,-0.5,-0.4,-0.2,0.3,999,22209
Franmil Reyes,CHC,65,275,248,58,10,1,13,32,38,22,84,2,2,1,0.235,0.3,0.438,0.738,0.32,107,-0.9,0,1.3,-7.6,0.3,999,14566
Jordan Diaz,OAK,29,121,113,30,7,0,3,13,13,5,19,1,0,0,0.264,0.302,0.411,0.712,0.31,107,-0.1,0.5,0.8,-2,0.3,999,22650
Kyle Garlick,MIN,45,193,176,40,8,1,8,23,25,12,57,2,1,0,0.23,0.287,0.43,0.718,0.311,104,-0.2,-0.8,0.7,-4.1,0.3,999,18063
Enmanuel Valdez,BOS,21,85,77,19,5,0,3,10,11,7,19,1,1,0,0.246,0.309,0.436,0.745,0.323,105,-0.1,0,0.5,-0.5,0.3,999,217288
Taylor Kohlwey,SDP,32,131,116,28,6,0,2,15,13,12,27,1,2,1,0.246,0.323,0.369,0.692,0.307,101,-0.1,0,0.1,-1.8,0.3,999,218457
Jose Herrera,ARI,21,81,71,16,3,0,1,8,7,8,18,1,1,0,0.224,0.307,0.333,0.64,0.287,82,0,0.2,-1.8,2,0.3,999,17040
David Hamilton,BOS,24,99,88,21,4,1,2,11,10,8,21,1,6,2,0.239,0.305,0.373,0.678,0.298,88,0.4,0,-1,0.4,0.3,999,2014434
Pedro Severino,FA,42,171,154,35,7,0,4,17,17,13,42,1,1,0,0.23,0.294,0.357,0.651,0.288,85,-0.5,-0.3,-3.5,3.2,0.3,999,14523
Michael Siani,CIN,40,161,144,33,6,1,4,17,16,13,33,1,6,2,0.232,0.301,0.37,0.67,0.296,83,0.3,0.5,-3,0.1,0.3,999,22557
Alexander Canario,CHC,34,138,124,29,6,1,7,17,19,10,38,1,3,1,0.231,0.295,0.455,0.75,0.323,109,0,0,1.4,-3.5,0.3,999,2003316
Sam Hilliard,ATL,50,200,177,37,7,1,7,23,23,19,64,2,4,1,0.211,0.29,0.385,0.675,0.296,87,0.2,0.5,-2.7,-1.5,0.3,999,17954
Michael Toglia,COL,45,184,164,39,8,1,8,23,25,17,52,1,2,1,0.24,0.312,0.454,0.766,0.332,99,-0.1,-0.1,-0.2,-3.5,0.3,999,25845
Ceddanne Rafaela,BOS,16,66,61,16,3,1,2,8,8,3,14,1,2,1,0.256,0.295,0.44,0.735,0.317,101,0,0,0.1,0.3,0.3,999,2005581
Yolbert Sanchez,CHW,36,145,133,34,6,0,2,14,13,8,23,1,2,1,0.255,0.301,0.341,0.642,0.285,83,-0.1,0,-2.8,0.7,0.3,999,2011471
Addison Barger,TOR,11,46,42,11,2,0,2,6,6,3,12,0,0,0,0.252,0.307,0.448,0.755,0.325,113,0,0,0.7,0.3,0.3,999,2006910
Mickey Moniak,LAA,47,187,171,38,7,1,7,21,22,12,53,2,3,1,0.222,0.277,0.398,0.674,0.292,87,0.1,0.6,-2.6,-1,0.3,999,19956
Nelson Velázquez,CHC,83,336,302,68,13,2,13,38,40,26,104,3,8,3,0.224,0.292,0.411,0.703,0.305,96,0.1,-0.2,-1.3,-7.7,0.2,999,23359
Matt Wallner,MIN,40,161,139,31,7,1,6,19,19,17,54,2,1,1,0.225,0.317,0.411,0.728,0.318,109,-0.1,-0.3,1.4,-4.2,0.2,999,26466
George Valera,CLE,15,59,51,12,2,0,2,7,7,6,15,1,0,0,0.235,0.324,0.419,0.743,0.325,112,0,0,0.8,-0.3,0.2,999,2006872
Wilyer Abreu,BOS,32,131,112,25,6,0,4,15,14,16,38,1,3,1,0.223,0.324,0.381,0.705,0.314,99,0,0,-0.2,-1.6,0.2,999,2005082
Keston Hiura,MIL,70,286,252,54,11,1,12,33,35,24,104,6,4,2,0.216,0.298,0.409,0.708,0.31,99,-0.1,0,-0.5,-6.9,0.2,999,20003
Livan Soto,LAA,21,83,75,18,3,0,1,8,8,7,17,1,1,1,0.238,0.306,0.341,0.646,0.288,85,0,0.1,-1.4,1.1,0.2,999,22471
Isan Díaz,SFG,29,118,104,23,5,0,4,13,13,12,32,1,1,1,0.219,0.301,0.384,0.685,0.301,95,-0.2,-1.3,-0.9,-0.8,0.2,999,17922
Zack Gelof,OAK,18,72,65,15,3,0,2,7,8,5,20,1,1,0,0.231,0.292,0.38,0.671,0.295,96,0,0,-0.3,0.3,0.2,999,2017286
Jackie Bradley Jr.,FA,63,248,224,48,11,1,5,24,24,18,60,3,3,1,0.215,0.279,0.342,0.621,0.275,76,0,1.2,-6.7,0.8,0.2,999,12984
Tucupita Marcano,PIT,23,93,82,20,4,1,1,10,8,9,17,1,2,1,0.238,0.313,0.352,0.664,0.295,89,0,0.1,-1.2,0.3,0.2,999,22871
Owen Miller,CLE,39,161,146,36,8,0,3,16,17,11,35,2,1,0,0.246,0.304,0.369,0.673,0.297,92,-0.1,-1.2,-1.5,-1.4,0.2,999,24655
Harold Castro,FA,65,270,253,69,12,1,4,26,27,12,53,2,1,0,0.271,0.306,0.371,0.677,0.296,91,-0.3,-0.8,-3.1,-3.5,0.2,999,14691
Matt Thaiss,LAA,19,76,66,15,3,0,2,9,8,9,18,1,1,0,0.221,0.317,0.379,0.696,0.308,98,-0.1,0.2,-0.3,0.3,0.2,999,19318
Ehire Adrianza,FA,63,251,223,52,11,1,4,25,22,21,54,3,2,1,0.232,0.304,0.342,0.646,0.288,85,-0.2,-2.4,-4.5,-1.6,0.2,999,8418
Kody Clemens,DET,28,113,103,23,4,1,4,12,13,8,28,1,1,0,0.224,0.28,0.407,0.686,0.297,94,0,-0.4,-0.8,-0.6,0.2,999,20572
Freddy Fermin,KCR,12,48,43,10,2,0,1,5,5,4,10,0,0,0,0.234,0.304,0.382,0.686,0.302,93,-0.1,0.1,-0.4,1.1,0.2,999,21840
René Pinto,TBR,12,47,43,10,2,0,2,5,5,3,14,0,0,0,0.225,0.273,0.392,0.665,0.289,92,0,-0.2,-0.5,0.8,0.2,999,19859
Luis Torrens,FA,33,133,120,28,6,0,4,14,15,10,34,1,0,0,0.231,0.296,0.386,0.682,0.299,93,-0.2,0,-1.3,2.8,0.2,999,15905
Gabriel Arias,CLE,19,80,72,18,3,0,2,9,9,6,19,1,1,0,0.244,0.304,0.402,0.706,0.309,101,0,0,0,-0.5,0.2,999,22563
Alejo Lopez,CIN,26,105,95,25,5,0,2,11,10,8,14,1,1,1,0.269,0.332,0.376,0.708,0.313,94,-0.1,-0.3,-0.9,-0.6,0.2,999,21127
Garrett Stubbs,PHI,27,108,94,21,4,0,2,12,10,12,26,1,2,1,0.222,0.311,0.354,0.665,0.297,89,0,0.1,-1.3,2.4,0.2,999,18067
Darin Ruf,NYM,32,137,119,26,5,0,5,16,16,15,39,2,1,0,0.223,0.315,0.387,0.702,0.311,106,-0.2,-0.4,0.7,-3.3,0.2,999,9929
Connor Joe,COL,16,71,61,16,3,0,2,9,7,8,15,1,1,0,0.254,0.35,0.417,0.766,0.338,104,0,0.2,0.3,-0.7,0.2,999,16572
Dermis Garcia,OAK,42,173,155,32,6,0,8,19,21,15,60,2,1,1,0.207,0.28,0.404,0.685,0.299,99,-0.1,0.5,-0.4,-3.2,0.2,999,20926
J.J. Matijevic,HOU,36,144,128,29,6,1,6,18,18,13,43,1,2,1,0.226,0.3,0.432,0.732,0.316,107,-0.1,0,1,-3.6,0.2,999,20165
Matt Reynolds,CIN,53,215,189,44,10,1,4,22,20,22,59,2,3,1,0.233,0.315,0.353,0.667,0.298,84,-0.3,0.1,-4.3,-1,0.2,999,13788
Brett Sullivan,SDP,36,147,134,31,7,1,3,16,15,10,24,1,1,0,0.23,0.291,0.361,0.652,0.287,87,-0.1,0,-2.3,-0.8,0.2,999,257232
Adam Engel,FA,53,218,200,47,10,1,4,22,21,12,58,3,8,3,0.234,0.288,0.357,0.645,0.284,82,0.4,-1.2,-4,-1.3,0.2,999,15082
Estevan Florial,NYY,19,79,70,15,3,0,2,9,9,7,25,1,3,1,0.22,0.296,0.378,0.674,0.296,93,0.1,0.5,-0.6,-0.2,0.2,999,19151
Mark Mathias,TEX,21,85,76,17,4,0,2,9,9,8,23,1,2,1,0.231,0.308,0.383,0.691,0.304,98,0,-0.4,-0.2,-0.7,0.2,999,18032
Curtis Mead,TBR,8,33,29,7,2,0,1,4,4,2,7,0,0,0,0.252,0.316,0.423,0.74,0.323,116,0,0,0.6,0.1,0.2,999,2008392
Pavin Smith,ARI,62,248,220,54,11,1,7,28,27,22,52,2,1,0,0.246,0.319,0.402,0.72,0.316,101,-0.5,0.1,-0.1,-6.5,0.2,999,19892
Parker Meadows,DET,24,99,89,21,4,1,3,10,10,7,20,1,1,1,0.236,0.298,0.388,0.686,0.3,96,0,0,-0.4,-1,0.2,999,2007943
Willie Calhoun,FA,36,149,133,33,6,1,5,17,16,13,23,1,1,0,0.246,0.316,0.407,0.723,0.317,105,-0.4,-0.8,0.5,-3.7,0.2,999,17838
Bligh Madris,DET,37,152,136,32,7,1,4,16,16,13,34,1,2,1,0.238,0.306,0.388,0.693,0.305,99,-0.2,-0.1,-0.3,-2.9,0.2,999,20054
Ronaldo Hernández,BOS,9,37,34,8,2,0,1,4,5,2,8,0,0,0,0.246,0.284,0.427,0.711,0.307,94,0,0,-0.3,0.8,0.2,999,281850
Bobby Dalbec,BOS,62,245,219,49,9,1,12,29,32,19,79,3,2,1,0.222,0.291,0.436,0.728,0.316,100,-0.3,-0.7,-0.3,-5.8,0.2,999,19966
Andre Lipcius,DET,10,39,34,8,2,0,1,4,4,4,7,0,0,0,0.243,0.328,0.38,0.708,0.314,106,0,0,0.2,0.2,0.2,999,2010401
Alfonso Rivas,CHC,84,331,289,68,12,2,6,33,31,33,92,4,3,1,0.237,0.321,0.352,0.673,0.3,93,-0.2,0.6,-2.9,-6.6,0.2,999,21560
Ryan O'Hearn,KCR,42,173,156,37,7,1,6,19,20,14,44,2,1,0,0.235,0.301,0.409,0.71,0.309,98,-0.4,0,-0.8,-3.1,0.2,999,16442
Brent Rooker,OAK,18,74,65,14,3,0,3,9,9,7,23,1,1,0,0.216,0.304,0.419,0.724,0.316,111,-0.1,-0.3,0.9,-1.6,0.2,999,19627
Austin Allen,MIA,9,36,33,8,2,0,1,4,4,2,10,0,0,0,0.229,0.282,0.395,0.677,0.295,92,-0.1,0,-0.4,0.8,0.2,999,18083
Nick Maton,PHI,21,84,73,16,4,0,2,9,8,8,22,1,1,0,0.223,0.308,0.365,0.672,0.299,90,0,0,-1,-0.2,0.2,999,21635
Hoy Park,BOS,39,155,134,30,6,1,3,17,15,18,40,1,3,1,0.222,0.318,0.352,0.67,0.299,88,0,-0.6,-2,-1.3,0.2,999,18027
Joey Wiemer,MIL,16,66,59,14,3,0,3,8,8,5,18,1,2,1,0.235,0.303,0.421,0.723,0.314,102,0,0,0.2,-0.8,0.2,999,2014531
Kevin Smith,OAK,16,65,59,13,3,0,2,7,7,4,18,1,1,0,0.219,0.278,0.382,0.659,0.288,91,0,-0.5,-0.6,0.1,0.2,999,20242
Alcides Escobar,FA,44,184,170,40,8,1,2,18,16,9,38,3,2,1,0.237,0.283,0.339,0.622,0.275,76,-0.1,-1.3,-5.1,0.6,0.2,999,6310
Tyler Nevin,BAL,15,59,52,12,2,0,2,6,6,5,13,1,0,0,0.232,0.312,0.381,0.693,0.307,100,-0.1,0.1,-0.1,-0.4,0.2,999,17893
David Dahl,SDP,57,216,197,47,11,1,6,24,24,14,54,2,2,1,0.239,0.292,0.384,0.677,0.296,94,-0.1,-0.8,-1.7,-4.1,0.1,999,13744
Brett Wisely,SFG,8,33,29,7,1,0,1,4,3,3,7,0,1,0,0.243,0.311,0.391,0.702,0.308,100,0,0,0,0.2,0.1,999,8170003
Ernie Clement,OAK,19,78,71,17,4,0,1,7,7,5,12,1,1,0,0.24,0.293,0.343,0.636,0.282,87,-0.1,-0.3,-1.2,0.1,0.1,999,20352
Derek Hill,WSN,32,129,118,26,5,1,3,13,12,8,37,1,3,1,0.223,0.279,0.359,0.638,0.281,78,0.1,0.5,-3.2,0.2,0.1,999,16947
Edwin Ríos,FA,60,243,218,48,10,0,10,27,30,18,77,3,2,1,0.219,0.288,0.407,0.695,0.302,95,-0.3,-0.4,-1.7,-5,0.1,999,18316
David Bote,CHC,11,46,41,9,2,0,1,5,5,3,12,1,0,0,0.229,0.299,0.386,0.685,0.301,94,0,-0.1,-0.3,0,0.1,999,14593
Braden Shewmake,ATL,13,53,48,12,2,0,1,6,6,3,11,0,1,0,0.24,0.288,0.382,0.67,0.293,85,0,0,-0.9,0.4,0.1,999,2010332
Brad Miller,TEX,76,305,270,60,10,1,11,33,34,29,87,2,4,1,0.222,0.301,0.391,0.692,0.304,98,-0.7,-1.9,-1.5,-7,0.1,999,12775
Justin Dirden,HOU,10,39,35,8,2,0,1,5,5,3,11,1,0,0,0.24,0.305,0.432,0.737,0.32,110,0,0,0.4,-0.5,0.1,999,2014986
Donny Sands,PHI,6,25,22,5,1,0,1,3,3,2,5,0,0,0,0.237,0.313,0.382,0.695,0.306,95,0,0,-0.2,0.5,0.1,999,18603
Pedro Leon,HOU,16,66,57,11,2,0,2,7,6,7,21,1,3,1,0.2,0.297,0.342,0.639,0.286,86,0,0,-1,0.1,0.1,999,2014838
Jeter Downs,BOS,23,91,81,16,3,0,3,10,10,7,28,1,2,1,0.203,0.276,0.371,0.648,0.285,79,0.1,-0.2,-2.1,0.3,0.1,999,22202
Mark Payton,CHW,10,39,35,9,2,0,1,5,5,3,7,0,1,0,0.249,0.317,0.426,0.742,0.323,111,-0.1,-0.1,0.4,-0.6,0.1,999,16042
Marwin Gonzalez,FA,34,137,124,28,5,0,3,14,13,9,34,2,2,1,0.223,0.284,0.348,0.633,0.28,80,-0.3,-1.1,-3.4,0,0.1,999,5497
Brennen Davis,CHC,8,33,29,6,1,0,1,4,3,3,10,1,0,0,0.22,0.304,0.379,0.683,0.302,94,0,0,-0.2,0.1,0.1,999,2007876
Willie MacIver,COL,9,37,33,8,2,0,1,4,4,3,10,0,1,0,0.229,0.291,0.392,0.683,0.299,77,0,0,-1,0.8,0.1,999,2007828
Jonathan Davis,FA,16,64,55,12,2,0,1,7,6,6,16,1,2,1,0.218,0.309,0.327,0.636,0.287,85,0.1,-0.3,-1,-0.1,0.1,999,15104
Sandy Leon,FA,32,124,110,21,4,0,2,11,10,11,33,1,1,0,0.195,0.272,0.297,0.569,0.257,64,-0.6,-0.7,-5.7,1.9,0.1,999,5273
Nomar Mazara,BAL,23,93,84,21,4,0,3,10,10,7,22,1,0,0,0.243,0.304,0.389,0.693,0.304,98,-0.1,-0.6,-0.3,-1.7,0.1,999,14553
Travis Swaggerty,PIT,16,65,58,13,2,1,1,7,7,6,17,1,2,1,0.229,0.306,0.368,0.674,0.299,91,0,0,-0.7,-0.6,0.1,999,24491
Robinson Canó,ATL,42,169,157,40,8,1,4,17,18,8,36,1,1,0,0.254,0.294,0.383,0.677,0.296,91,-0.6,-0.4,-2.3,-2.3,0.1,999,3269
Wenceel Perez,DET,6,26,24,6,1,0,1,3,3,2,4,0,1,0,0.248,0.305,0.389,0.693,0.303,98,0,0,-0.1,0.1,0.1,999,2003326
Matthew Batten,SDP,26,107,95,22,4,0,2,11,10,9,27,1,3,1,0.229,0.302,0.327,0.629,0.282,84,0,-0.3,-2,-0.8,0.1,999,20157
Richie Palacios,CLE,10,38,34,8,2,0,1,4,4,4,8,0,1,0,0.25,0.329,0.383,0.711,0.314,104,0,-0.1,0.2,-0.5,0.1,999,24589
Andrew Velazquez,LAA,18,69,63,13,3,0,2,7,7,4,22,1,3,1,0.211,0.267,0.34,0.607,0.268,70,0.2,-0.1,-2,0.7,0.1,999,14196
Brett Phillips,FA,40,160,140,26,5,1,4,16,15,17,58,2,4,1,0.184,0.277,0.328,0.605,0.271,74,0.4,0.1,-4.4,0,0.1,999,14735
Joey Ortiz,BAL,5,20,18,5,1,0,1,2,2,1,3,0,0,0,0.255,0.313,0.405,0.718,0.313,104,0,0,0.1,0.1,0.1,999,2009889
Devlin Granberg,BOS,10,39,35,9,2,0,1,4,4,3,8,1,0,0,0.254,0.318,0.406,0.724,0.317,101,0,0,0,-0.5,0.1,999,2006671
Stephen Scott,BOS,5,18,16,4,1,0,0,2,2,2,4,0,0,0,0.224,0.313,0.373,0.687,0.304,92,0,0,-0.2,0.4,0.1,999,2011469
Hunter Dozier,KCR,62,254,228,53,12,2,7,26,27,20,66,3,3,1,0.231,0.298,0.387,0.685,0.301,92,-0.8,-0.9,-3.1,-4.2,0.1,999,15117
Michael Stefanic,LAA,5,20,17,4,1,0,0,2,2,2,3,0,0,0,0.261,0.34,0.37,0.71,0.316,104,0,0,0.1,0.1,0.1,999,25353
Ryan McKenna,BAL,23,94,83,18,4,0,2,9,9,9,30,1,1,1,0.213,0.291,0.345,0.636,0.283,83,0.1,0,-1.7,-0.6,0.1,999,19928
Jo Adell,LAA,16,66,61,14,3,0,3,7,8,4,21,1,1,0,0.223,0.278,0.417,0.695,0.301,94,0,-0.1,-0.5,-0.9,0.1,999,20220
Hunter Feduccia,LAD,5,18,16,4,1,0,1,2,2,2,5,0,0,0,0.218,0.289,0.371,0.661,0.291,88,0,0,-0.3,0.4,0.1,999,2007872
Xavier Edwards,MIA,6,26,24,6,1,0,0,2,2,2,5,0,1,0,0.241,0.306,0.33,0.636,0.284,84,0,0,-0.5,0.3,0.1,999,2007018
Peyton Burdick,MIA,11,44,39,8,2,0,1,5,5,4,14,1,1,0,0.213,0.303,0.384,0.687,0.303,97,0,-0.3,-0.2,-0.6,0.1,999,25459
Wyatt Young,NYM,5,20,17,4,1,0,0,2,2,2,4,0,0,0,0.242,0.318,0.344,0.662,0.296,96,0,0,-0.1,0.1,0.1,999,2017081
Mark Kolozsvary,BAL,11,41,37,7,2,0,1,4,4,4,13,1,0,0,0.19,0.273,0.319,0.592,0.266,71,0,0,-1.4,0.8,0.1,999,21304
Luke Raley,TBR,8,33,29,7,1,0,1,4,4,2,10,1,0,0,0.227,0.304,0.4,0.705,0.31,107,0,-0.1,0.2,-0.6,0.1,999,19354
Esteban Quiroz,CHC,5,21,18,4,1,0,0,2,2,2,5,0,0,0,0.225,0.323,0.363,0.686,0.306,97,0,-0.1,-0.1,0,0.1,999,19780
Buddy Kennedy,ARI,5,20,18,4,1,0,0,2,2,2,4,0,0,0,0.238,0.318,0.37,0.688,0.305,94,0,0,-0.1,0.1,0.1,999,22505
Eli White,TEX,32,130,116,24,5,0,3,13,12,11,40,1,5,2,0.209,0.282,0.333,0.615,0.274,77,0.2,0.8,-3.2,-0.3,0.1,999,19346
Lucius Fox,WSN,24,97,86,18,4,0,1,9,8,8,25,1,3,1,0.212,0.287,0.317,0.604,0.27,71,0.1,-0.2,-3.2,0.5,0.1,999,18899
Franchy Cordero,BAL,10,39,35,8,2,0,1,4,4,4,12,0,1,0,0.233,0.307,0.404,0.711,0.311,103,0,-0.1,0.2,-0.8,0.1,999,14567
Hunter Stovall,COL,5,20,18,5,1,0,0,2,2,1,4,0,0,0,0.264,0.314,0.395,0.71,0.311,85,0,0,-0.4,0.2,0.1,999,2008181
Yoelqui Céspedes,CHW,36,145,133,30,7,0,4,15,15,7,43,3,4,2,0.229,0.28,0.372,0.652,0.286,84,0.1,0,-2.5,-1.6,0.1,999,2015137
Jonathan Araúz,NYM,5,19,17,4,1,0,0,2,2,1,4,0,0,0,0.232,0.294,0.36,0.654,0.289,91,0,0,-0.2,0.1,0.1,999,20275
Yoshi Tsutsugo,FA,55,231,201,44,8,0,8,26,26,26,62,1,1,0,0.218,0.309,0.379,0.687,0.305,97,-0.4,-0.4,-1.2,-5.8,0.1,999,27459
Yadiel Hernandez,WSN,13,53,48,12,2,0,2,6,6,4,12,0,0,0,0.253,0.308,0.408,0.716,0.312,99,-0.2,-0.4,-0.2,-1,0.1,999,19334
Jared Triolo,PIT,3,13,12,3,1,0,0,1,1,1,2,0,0,0,0.252,0.323,0.382,0.706,0.311,99,0,0,0,0.1,0.1,999,2010272
Alex Jackson,MIL,6,24,21,4,1,0,1,2,3,2,8,0,0,0,0.191,0.262,0.368,0.631,0.276,76,0,0,-0.7,0.5,0.1,999,17276
Jake Cave,PHI,10,39,35,8,2,0,1,4,4,3,11,1,0,0,0.229,0.295,0.39,0.685,0.299,90,0,-0.1,-0.4,-0.4,0,999,14477
Greg Cullen,BAL,3,13,11,3,0,0,0,1,1,1,3,0,0,0,0.233,0.328,0.363,0.691,0.308,101,0,0,0,0.1,0,999,2007069
Rylan Bannon,HOU,5,20,17,4,1,0,1,2,2,2,5,0,0,0,0.21,0.301,0.363,0.664,0.296,92,0,-0.1,-0.2,0,0,999,19768
Chuckie Robinson,CIN,5,18,16,4,1,0,1,2,2,1,4,0,0,0,0.226,0.282,0.374,0.657,0.288,77,0,0,-0.5,0.3,0,999,19824
Tyler Dearden,BOS,6,26,23,5,1,0,1,3,3,3,7,0,0,0,0.236,0.317,0.392,0.71,0.312,98,0,0,-0.1,-0.3,0,999,2005103
Kyle McCann,OAK,5,18,16,3,1,0,1,2,2,2,7,0,0,0,0.186,0.265,0.326,0.591,0.264,74,0,0,-0.5,0.4,0,999,8159677
Maikel Garcia,KCR,3,13,12,3,1,0,0,1,1,1,2,0,0,0,0.25,0.31,0.364,0.674,0.297,90,0,0,-0.1,0.1,0,999,22715
Jed Lowrie,FA,6,28,25,6,1,0,1,3,3,2,6,0,0,0,0.234,0.297,0.36,0.657,0.29,87,-0.1,-0.1,-0.5,0,0,999,4418
Charlie Culberson,FA,32,129,119,28,6,0,3,13,13,7,32,1,3,1,0.238,0.283,0.36,0.644,0.282,81,-0.1,-1,-2.8,-1,0,999,3298
Seth Beer,ARI,19,79,69,16,4,0,2,9,9,7,17,3,0,0,0.233,0.321,0.396,0.717,0.316,102,-0.2,0,0,-2.3,0,999,20493